instance_type,cpu,memory,hourly_price,instance_label,family_id,processor_model,network_bandwidth,network_pps,disk,platform,l1_cache,l2_cache,l3_cache,processor_base_frequency,processor_turbo_frequency,numa_count,hyper_threading,region,disk_iops,disk_bandwidth
ecs.gn6e-c12g1.3xlarge,12.0,92.0,,通用型,gn6e-c12g1,,5,80万,0,aliyun,,,,,,,,,,
ecs.gn6e-c12g1.6xlarge,24.0,182.0,,通用型,gn6e-c12g1,,8,120万,0,aliyun,,,,,,,,,,
ecs.gn6e-c12g1.12xlarge,48.0,368.0,,通用型,gn6e-c12g1,,16,240万,0,aliyun,,,,,,,,,,
ecs.gn6e-c12g1.24xlarge,96.0,736.0,,通用型,gn6e-c12g1,,32,480万,0,aliyun,,,,,,,,,,
ecs.re4.10xlarge,40.0,480.0,,内存型,re4,,8,100万,0,aliyun,,,,,,,,,,
ecs.re4.20xlarge,80.0,960.0,,内存型,re4,,15,200万,0,aliyun,,,,,,,,,,
ecs.re4.40xlarge,160.0,1920.0,,内存型,re4,,30,450万,0,aliyun,,,,,,,,,,
ecs.sgn7i-vws-m2.xlarge,4.0,15.5,,,sgn7i-vws-m2,,1.5/5,50万,0,aliyun,,,,,,,,,,
ecs.sgn7i-vws-m4.2xlarge,8.0,31.0,,,sgn7i-vws-m4,,2.5/10,100万,0,aliyun,,,,,,,,,,
ecs.sgn7i-vws-m8.4xlarge,16.0,62.0,,,sgn7i-vws-m8,,5/20,200万,0,aliyun,,,,,,,,,,
ecs.sgn7i-vws-m2s.xlarge,4.0,8.0,,,sgn7i-vws-m2s,,1.5/5,50万,0,aliyun,,,,,,,,,,
ecs.sgn7i-vws-m4s.2xlarge,8.0,16.0,,,sgn7i-vws-m4s,,2.5/10,100万,0,aliyun,,,,,,,,,,
ecs.sgn7i-vws-m8s.4xlarge,16.0,32.0,,,sgn7i-vws-m8s,,5/20,200万,0,aliyun,,,,,,,,,,
ecs.n4.small,1.0,2.0,,,n4,,0.5,5,0,aliyun,,,,,,,,,,
ecs.n4.large,2.0,4.0,,,n4,,0.5,10,0,aliyun,,,,,,,,,,
ecs.n4.xlarge,4.0,8.0,,,n4,,0.8,15,0,aliyun,,,,,,,,,,
ecs.n4.2xlarge,8.0,16.0,,,n4,,1.2,30,0,aliyun,,,,,,,,,,
ecs.n4.4xlarge,16.0,32.0,,,n4,,2.5,40,0,aliyun,,,,,,,,,,
ecs.n4.8xlarge,32.0,64.0,,,n4,,5.0,50,0,aliyun,,,,,,,,,,
ecs.ebmgn6v.24xlarge,96.0,384.0,,,ebmgn6v,,30,450万,0,aliyun,,,,,,,,,,
ecs.ebmgn7e.32xlarge,,,,,ebmgn7e,,,,0,aliyun,,,,,,,,,,
ecs.g7se.large,2.0,8.0,,通用型,g7se,,1.2/最高3,45万,0,aliyun,,,,,,,,,3万/最高15万,3/10
ecs.g7se.xlarge,4.0,16.0,,通用型,g7se,,2/最高5,50万,0,aliyun,,,,,,,,,6万/最高15万,4/10
ecs.g7se.2xlarge,8.0,32.0,,通用型,g7se,,3/最高8,80万,0,aliyun,,,,,,,,,10万/最高15万,6/10
ecs.g7se.3xlarge,12.0,48.0,,通用型,g7se,,4.5/最高10,120万,0,aliyun,,,,,,,,,12万/最高15万,8/10
ecs.g7se.4xlarge,16.0,64.0,,通用型,g7se,,6/最高10,150万,0,aliyun,,,,,,,,,15万/无,10/无
ecs.g7se.6xlarge,24.0,96.0,,通用型,g7se,,8/最高10,225万,0,aliyun,,,,,,,,,20万/无,12/无
ecs.g7se.8xlarge,32.0,128.0,,通用型,g7se,,10/无,300万,0,aliyun,,,,,,,,,30万/无,16/无
ecs.g7se.16xlarge,64.0,256.0,,通用型,g7se,,16/无,600万,0,aliyun,,,,,,,,,50万/无,32/无
ecs.d1ne.2xlarge,8.0,32.0,,大数据型,d1ne,,6.0,100,0,aliyun,,,,,,,,,,
ecs.d1ne.4xlarge,16.0,64.0,,大数据型,d1ne,,12.0,160,0,aliyun,,,,,,,,,,
ecs.d1ne.6xlarge,24.0,96.0,,大数据型,d1ne,,16.0,200,0,aliyun,,,,,,,,,,
ecs.d1ne-c8d3.8xlarge,32.0,128.0,,大数据型,d1ne-c8d3,,20.0,200,0,aliyun,,,,,,,,,,
ecs.d1ne.8xlarge,32.0,128.0,,大数据型,d1ne,,20.0,250,0,aliyun,,,,,,,,,,
ecs.d1ne-c14d3.14xlarge,56.0,160.0,,大数据型,d1ne-c14d3,,35.0,450,0,aliyun,,,,,,,,,,
ecs.d1ne.14xlarge,56.0,224.0,,大数据型,d1ne,,35.0,450,0,aliyun,,,,,,,,,,
ecs.i3g.2xlarge,8.0,32.0,,本地SSD型,i3g,,3/10,175万,0,aliyun,,,,,,,,,5.25万,2
ecs.i3g.4xlarge,16.0,64.0,,本地SSD型,i3g,,5/10,350万,0,aliyun,,,,,,,,,8.4万,3
ecs.i3g.8xlarge,32.0,128.0,,本地SSD型,i3g,,12/无,700万,0,aliyun,,,,,,,,,15.75万,5
ecs.i3g.13xlarge,52.0,192.0,,本地SSD型,i3g,,16/无,1200万,0,aliyun,,,,,,,,,25.2万,8
ecs.i3g.26xlarge,104.0,384.0,,本地SSD型,i3g,,32/无,2400万,0,aliyun,,,,,,,,,50万,16
ecs.re6.4xlarge,16.0,256.0,,内存型,re6,,5,90万,0,aliyun,,,,,,,,,2.5万,2
ecs.re6.8xlarge,32.0,512.0,,内存型,re6,,10,180万,0,aliyun,,,,,,,,,5万,4
ecs.re6.13xlarge,52.0,768.0,,内存型,re6,,10,180万,0,aliyun,,,,,,,,,5万,4
ecs.re6.16xlarge,64.0,1024.0,,内存型,re6,,16,300万,0,aliyun,,,,,,,,,10万,8
ecs.re6.26xlarge,104.0,1536.0,,内存型,re6,,16,300万,0,aliyun,,,,,,,,,10万,8
ecs.re6.32xlarge,128.0,2048.0,,内存型,re6,,32,600万,0,aliyun,,,,,,,,,20万,16
ecs.re6.52xlarge,208.0,3072.0,,内存型,re6,,32,600万,0,aliyun,,,,,,,,,20万,16
ecs.i2g.2xlarge,8.0,32.0,,本地SSD型,i2g,,2,100万,0,aliyun,,,,,,,,,,
ecs.i2g.4xlarge,16.0,64.0,,本地SSD型,i2g,,3,150万,0,aliyun,,,,,,,,,,
ecs.i2g.8xlarge,32.0,128.0,,本地SSD型,i2g,,6,200万,0,aliyun,,,,,,,,,,
ecs.i2g.16xlarge,64.0,256.0,,本地SSD型,i2g,,10,400万,0,aliyun,,,,,,,,,,
ecs.c5.large,2.0,4.0,,计算型,c5,,1.0,30万,0,aliyun,,,,,,,,,,
ecs.c5.xlarge,4.0,8.0,,计算型,c5,,1.5,50万,0,aliyun,,,,,,,,,,
ecs.c5.2xlarge,8.0,16.0,,计算型,c5,,2.5,80万,0,aliyun,,,,,,,,,,
ecs.c5.3xlarge,12.0,24.0,,计算型,c5,,4.0,90万,0,aliyun,,,,,,,,,,
ecs.c5.4xlarge,16.0,32.0,,计算型,c5,,5.0,100万,0,aliyun,,,,,,,,,,
ecs.c5.6xlarge,24.0,48.0,,计算型,c5,,7.5,150万,0,aliyun,,,,,,,,,,
ecs.c5.8xlarge,32.0,64.0,,计算型,c5,,10.0,200万,0,aliyun,,,,,,,,,,
ecs.c5.16xlarge,64.0,128.0,,计算型,c5,,20.0,400万,0,aliyun,,,,,,,,,,
ecs.ebmgn6e.24xlarge,96.0,768.0,,,ebmgn6e,,32,480万,0,aliyun,,,,,,,,,,
ecs.ebmre6p.26xlarge,104.0,384.0,,,ebmre6p,,32,600万,0,aliyun,,,,,,,,,20万,16
ecs.ebmhfg6.20xlarge,80.0,384.0,,,ebmhfg6,,32,600万,0,aliyun,,,,,,,,,20万,16
ecs.ebmhfr7.48xlarge,192.0,1536.0,,,ebmhfr7,,64,2400万,0,aliyun,,,,,,,,,60万,32
ecs.ebmc7.32xlarge,128.0,256.0,,,ebmc7,,64,2400万,0,aliyun,,,,,,,,,60万,32
ecs.c6.large,2.0,4.0,,计算型,c6,,1/最高3,30万,0,aliyun,,,,,,,,,1万,1.0
ecs.c6.xlarge,4.0,8.0,,计算型,c6,,1.5/最高5,50万,0,aliyun,,,,,,,,,2万,1.5
ecs.c6.2xlarge,8.0,16.0,,计算型,c6,,2.5/最高8,80万,0,aliyun,,,,,,,,,2.5万,2.0
ecs.c6.3xlarge,12.0,24.0,,计算型,c6,,4/最高10,90万,0,aliyun,,,,,,,,,3万,2.5
ecs.c6.4xlarge,16.0,32.0,,计算型,c6,,5/最高10,100万,0,aliyun,,,,,,,,,4万,3.0
ecs.c6.6xlarge,24.0,48.0,,计算型,c6,,7.5/最高10,150万,0,aliyun,,,,,,,,,5万,4.0
ecs.c6.8xlarge,32.0,64.0,,计算型,c6,,10/无,200万,0,aliyun,,,,,,,,,6万,5.0
ecs.c6.13xlarge,52.0,96.0,,计算型,c6,,12.5/无,300万,0,aliyun,,,,,,,,,10万,8.0
ecs.c6.26xlarge,104.0,192.0,,计算型,c6,,25/无,600万,0,aliyun,,,,,,,,,20万,16.0
ecs.ebmc6me.16xlarge,64.0,192.0,,,ebmc6me,,32,600万,0,aliyun,,,,,,,,,20万,16
ecs.c7.large,2.0,4.0,,计算型,c7,,2/最高12.5,110万,0,aliyun,,,,,,,,,2万/最高16万,1.5/最高10
ecs.c7.xlarge,4.0,8.0,,计算型,c7,,3/最高12.5,110万,0,aliyun,,,,,,,,,4万/最高16万,2/最高10
ecs.c7.2xlarge,8.0,16.0,,计算型,c7,,5/最高15,160万,0,aliyun,,,,,,,,,5万/最高16万,3/最高10
ecs.c7.3xlarge,12.0,24.0,,计算型,c7,,8/最高15,240万,0,aliyun,,,,,,,,,7万/最高16万,4/最高10
ecs.c7.4xlarge,16.0,32.0,,计算型,c7,,10/最高25,300万,0,aliyun,,,,,,,,,8万/最高16万,5/最高10
ecs.c7.6xlarge,24.0,48.0,,计算型,c7,,12/最高25,450万,0,aliyun,,,,,,,,,11万/16,6/10
ecs.c7.8xlarge,32.0,64.0,,计算型,c7,,16/最高32,600万,0,aliyun,,,,,,,,,16万/无,10/无
ecs.c7.16xlarge,64.0,128.0,,计算型,c7,,32/无,1200万,0,aliyun,,,,,,,,,36万/无,16/无
ecs.c7.32xlarge,128.0,256.0,,计算型,c7,,64/无,2400万,0,aliyun,,,,,,,,,60万/无,32/无
ecs.ebmc6.26xlarge,104.0,192.0,,,ebmc6,,32,600万,0,aliyun,,,,,,,,,20万,16
ecs.ebmhfr6.20xlarge,80.0,768.0,,,ebmhfr6,,32,600万,0,aliyun,,,,,,,,,20万,16
ecs.sn1ne.large,2.0,4.0,,,sn1ne,,1.0,30万,0,aliyun,,,,,,,,,,
ecs.sn1ne.xlarge,4.0,8.0,,,sn1ne,,1.5,50万,0,aliyun,,,,,,,,,,
ecs.sn1ne.2xlarge,8.0,16.0,,,sn1ne,,2.0,100万,0,aliyun,,,,,,,,,,
ecs.sn1ne.3xlarge,12.0,24.0,,,sn1ne,,2.5,130万,0,aliyun,,,,,,,,,,
ecs.sn1ne.4xlarge,16.0,32.0,,,sn1ne,,3.0,160万,0,aliyun,,,,,,,,,,
ecs.sn1ne.6xlarge,24.0,48.0,,,sn1ne,,4.5,200万,0,aliyun,,,,,,,,,,
ecs.sn1ne.8xlarge,32.0,64.0,,,sn1ne,,6.0,250万,0,aliyun,,,,,,,,,,
ecs.gn6i-c4g1.xlarge,4.0,15.0,,通用型,gn6i-c4g1,,4.0,50万,0,aliyun,,,,,,,,,无,
ecs.gn6i-c8g1.2xlarge,8.0,31.0,,通用型,gn6i-c8g1,,5.0,80万,0,aliyun,,,,,,,,,无,
ecs.gn6i-c16g1.4xlarge,16.0,62.0,,通用型,gn6i-c16g1,,6.0,100万,0,aliyun,,,,,,,,,无,
ecs.gn6i-c24g1.6xlarge,24.0,93.0,,通用型,gn6i-c24g1,,7.5,120万,0,aliyun,,,,,,,,,无,
ecs.gn6i-c40g1.10xlarge,40.0,155.0,,通用型,gn6i-c40g1,,10.0,160万,0,aliyun,,,,,,,,,无,
ecs.gn6i-c24g1.12xlarge,48.0,186.0,,通用型,gn6i-c24g1,,15.0,240万,0,aliyun,,,,,,,,,无,
ecs.gn6i-c24g1.24xlarge,96.0,372.0,,通用型,gn6i-c24g1,,30.0,480万,0,aliyun,,,,,,,,,25万,
ecs.i2gne.2xlarge,8.0,32.0,,本地SSD型,i2gne,,2.5,100万,0,aliyun,,,,,,,,,,
ecs.i2gne.4xlarge,16.0,64.0,,本地SSD型,i2gne,,5.0,150万,0,aliyun,,,,,,,,,,
ecs.i2gne.8xlarge,32.0,128.0,,本地SSD型,i2gne,,10.0,200万,0,aliyun,,,,,,,,,,
ecs.i2gne.16xlarge,64.0,256.0,,本地SSD型,i2gne,,20.0,400万,0,aliyun,,,,,,,,,,
ecs.ebmhfg7.48xlarge,192.0,768.0,,,ebmhfg7,,64,2400万,0,aliyun,,,,,,,,,60万,32
ecs.r8a.large,2.0,16.0,,内存型,r8a,,1.5/最高12.5,90万,0,aliyun,,,,,,,,,2.5万/最高11万,1.5/最高10
ecs.r8a.xlarge,4.0,32.0,,内存型,r8a,,2.5/最高12.5,100万,0,aliyun,,,,,,,,,3万/最高11万,2/最高10
ecs.r8a.2xlarge,8.0,64.0,,内存型,r8a,,4/最高12.5,160万,0,aliyun,,,,,,,,,4.5万/最高11万,2.5/最高10
ecs.r8a.4xlarge,16.0,128.0,,内存型,r8a,,7/最高12.5,200万,0,aliyun,,,,,,,,,6万/最高11万,3.5/最高10
ecs.r8a.8xlarge,32.0,256.0,,内存型,r8a,,10/最高25,300万,0,aliyun,,,,,,,,,8万/最高11万,5/最高10
ecs.r8a.12xlarge,48.0,384.0,,内存型,r8a,,16/25,450万,0,aliyun,,,,,,,,,12万/无,8/最高10
ecs.r8a.16xlarge,64.0,512.0,,内存型,r8a,,20/25,600万,0,aliyun,,,,,,,,,16万/无,10/无
ecs.r8a.24xlarge,96.0,768.0,,内存型,r8a,,32/无,900万,0,aliyun,,,,,,,,,24万/无,16/无
ecs.r8a.32xlarge,128.0,1024.0,,内存型,r8a,,40/无,1200万,0,aliyun,,,,,,,,,32万/无,20/无
ecs.r8a.48xlarge,192.0,1536.0,,内存型,r8a,,64/无,1800万,0,aliyun,,,,,,,,,50万/无,32/无
ecs.g8y.small,1.0,4.0,,通用型,g8y,,1/10,50万,0,aliyun,,,,,,,,,1万/最高11万,1/最高10
ecs.g8y.large,2.0,8.0,,通用型,g8y,,2/10,90万,0,aliyun,,,,,,,,,2万/最高11万,1.5/最高10
ecs.g8y.xlarge,4.0,16.0,,通用型,g8y,,3/10,100万,0,aliyun,,,,,,,,,4万/最高11万,2/最高10
ecs.g8y.2xlarge,8.0,32.0,,通用型,g8y,,5/10,160万,0,aliyun,,,,,,,,,5万/最高11万,3/最高10
ecs.g8y.4xlarge,16.0,64.0,,通用型,g8y,,10/25,300万,0,aliyun,,,,,,,,,8万/最高11万,5/最高10
ecs.g8y.8xlarge,32.0,128.0,,通用型,g8y,,16/25,500万,0,aliyun,,,,,,,,,12.5万,10
ecs.g8y.16xlarge,64.0,256.0,,通用型,g8y,,32/无,1000万,0,aliyun,,,,,,,,,25万,16
ecs.g8y.32xlarge,128.0,512.0,,通用型,g8y,,64/无,2000万,0,aliyun,,,,,,,,,50万,32
ecs.g6e.large,2.0,8.0,,通用型,g6e,,1.2/最高10,90万,0,aliyun,,,,,,,,,2万,1.0
ecs.g6e.xlarge,4.0,16.0,,通用型,g6e,,2/最高10,100万,0,aliyun,,,,,,,,,4万,1.5
ecs.g6e.2xlarge,8.0,32.0,,通用型,g6e,,3/最高10,160万,0,aliyun,,,,,,,,,5万,2.0
ecs.g6e.4xlarge,16.0,64.0,,通用型,g6e,,6/最高10,300万,0,aliyun,,,,,,,,,8万,3.0
ecs.g6e.8xlarge,32.0,128.0,,通用型,g6e,,10/无,600万,0,aliyun,,,,,,,,,15万,5.0
ecs.g6e.13xlarge,52.0,192.0,,通用型,g6e,,16/无,900万,0,aliyun,,,,,,,,,24万,8.0
ecs.g6e.26xlarge,104.0,384.0,,通用型,g6e,,32/无,2400万,0,aliyun,,,,,,,,,48万,16.0
ecs.g7a.large,2.0,8.0,,通用型,g7a,,1/最高10,90万,0,aliyun,,,,,,,,,1.25万/最高11万,1/最高6
ecs.g7a.xlarge,4.0,16.0,,通用型,g7a,,1.5/最高10,100万,0,aliyun,,,,,,,,,2万/最高11万,1.5/最高6
ecs.g7a.2xlarge,8.0,32.0,,通用型,g7a,,2.5/最高10,160万,0,aliyun,,,,,,,,,3万/最高11万,2/最高6
ecs.g7a.4xlarge,16.0,64.0,,通用型,g7a,,7/最高12.5,200万,0,aliyun,,,,,,,,,6万/最高11万,3.7/最高10.5
ecs.g7a.8xlarge,32.0,128.0,,通用型,g7a,,8/最高10,300万,0,aliyun,,,,,,,,,7.5万/最高11万,4.1/最高11
ecs.g7a.16xlarge,64.0,256.0,,通用型,g7a,,16/无,600万,0,aliyun,,,,,,,,,15万/无,8.2/无
ecs.g7a-nps1.16xlarge,64.0,256.0,,通用型,g7a-nps1,,16/无,600万,0,aliyun,,,,,,,,,15万/无,8.2/无
ecs.g7a.32xlarge,128.0,512.0,,通用型,g7a,,32/无,1200万,0,aliyun,,,,,,,,,30万/无,16.4/无
ecs.g6r.large,2.0,8.0,,通用型,g6r,,1/10,90万,0,aliyun,,,,,,,,,1.25万,1.0
ecs.g6r.xlarge,4.0,16.0,,通用型,g6r,,1.5/10,100万,0,aliyun,,,,,,,,,2万,1.5
ecs.g6r.2xlarge,8.0,32.0,,通用型,g6r,,2.5/10,160万,0,aliyun,,,,,,,,,3万,2.0
ecs.g6r.4xlarge,16.0,64.0,,通用型,g6r,,5/10,200万,0,aliyun,,,,,,,,,6万,3.0
ecs.g6r.8xlarge,32.0,128.0,,通用型,g6r,,8/10,300万,0,aliyun,,,,,,,,,7.5万,4.0
ecs.g6r.16xlarge,64.0,256.0,,通用型,g6r,,16/无,600万,0,aliyun,,,,,,,,,15万,8.0
ecs.i3.xlarge,4.0,32.0,,本地SSD型,i3,,1.5/10,100万,0,aliyun,,,,,,,,,4万,1.5
ecs.i3.2xlarge,8.0,64.0,,本地SSD型,i3,,2.5/10,160万,0,aliyun,,,,,,,,,5万,2.0
ecs.i3.4xlarge,16.0,128.0,,本地SSD型,i3,,5/10,300万,0,aliyun,,,,,,,,,8万,3.0
ecs.i3.8xlarge,32.0,256.0,,本地SSD型,i3,,10/无,600万,0,aliyun,,,,,,,,,15万,5.0
ecs.i3.13xlarge,52.0,384.0,,本地SSD型,i3,,16/无,900万,0,aliyun,,,,,,,,,24万,8.0
ecs.i3.26xlarge,104.0,768.0,,本地SSD型,i3,,32/无,2400万,0,aliyun,,,,,,,,,48万,16.0
ecs.re6p.large,2.0,8.0,,内存型,re6p,,1/3,30万,0,aliyun,,,,,,,,,1万,1.0
ecs.re6p.xlarge,4.0,16.0,,内存型,re6p,,1.5/5,50万,0,aliyun,,,,,,,,,2万,1.5
ecs.re6p.2xlarge,8.0,32.0,,内存型,re6p,,2.5/10,80万,0,aliyun,,,,,,,,,2.5万,2.0
ecs.re6p.13xlarge,52.0,192.0,,内存型,re6p,,12.5/无,300万,0,aliyun,,,,,,,,,10万,8.0
ecs.re6p.26xlarge,104.0,384.0,,内存型,re6p,,25/无,600万,0,aliyun,,,,,,,,,20万,160.0
ecs.re6p-redis.large,2.0,8.0,,内存型,re6p-redis,,1/3,30万,0,aliyun,,,,,,,,,1万,1.0
ecs.re6p-redis.xlarge,4.0,16.0,,内存型,re6p-redis,,1.5/5,50万,0,aliyun,,,,,,,,,2万,1.5
ecs.re6p-redis.2xlarge,8.0,32.0,,内存型,re6p-redis,,2.5/10,80万,0,aliyun,,,,,,,,,2.5万,2.0
ecs.re6p-redis.13xlarge,52.0,192.0,,内存型,re6p-redis,,12.5/无,300万,0,aliyun,,,,,,,,,10万,8.0
ecs.vgn7i-vws-m4.xlarge,4.0,30.0,,,vgn7i-vws-m4,,3,100万,0,aliyun,,,,,,,,,,
ecs.vgn7i-vws-m8.2xlarge,10.0,62.0,,,vgn7i-vws-m8,,5,200万,0,aliyun,,,,,,,,,,
ecs.vgn7i-vws-m12.3xlarge,14.0,93.0,,,vgn7i-vws-m12,,8,300万,0,aliyun,,,,,,,,,,
ecs.vgn7i-vws-m24.7xlarge,30.0,186.0,,,vgn7i-vws-m24,,16,600万,0,aliyun,,,,,,,,,,
ecs.c6a.large,2.0,4.0,,计算型,c6a,,1/10,90万,0,aliyun,,,,,,,,,1.25万,1.0
ecs.c6a.xlarge,4.0,8.0,,计算型,c6a,,1.5/10,100万,0,aliyun,,,,,,,,,2万,1.5
ecs.c6a.2xlarge,8.0,16.0,,计算型,c6a,,2.5/10,160万,0,aliyun,,,,,,,,,3万,2.0
ecs.c6a.4xlarge,16.0,32.0,,计算型,c6a,,5/10,200万,0,aliyun,,,,,,,,,6万,3.1
ecs.c6a.8xlarge,32.0,64.0,,计算型,c6a,,8/10,300万,0,aliyun,,,,,,,,,7.5万,4.1
ecs.c6a.16xlarge,64.0,128.0,,计算型,c6a,,16/无,600万,0,aliyun,,,,,,,,,15万,8.2
ecs.c6a.32xlarge,128.0,256.0,,计算型,c6a,,32/无,1200万,0,aliyun,,,,,,,,,30万,16.4
ecs.mn4.small,1.0,4.0,,,mn4,,0.5,5,0,aliyun,,,,,,,,,,
ecs.mn4.large,2.0,8.0,,,mn4,,0.5,10,0,aliyun,,,,,,,,,,
ecs.mn4.xlarge,4.0,16.0,,,mn4,,0.8,15,0,aliyun,,,,,,,,,,
ecs.mn4.2xlarge,8.0,32.0,,,mn4,,1.2,30,0,aliyun,,,,,,,,,,
ecs.mn4.4xlarge,16.0,64.0,,,mn4,,2.5,40,0,aliyun,,,,,,,,,,
ecs.mn4.8xlarge,32.0,128.0,,,mn4,,5.0,50,0,aliyun,,,,,,,,,,
ecs.hfg5.large,2.0,8.0,,高主频型,hfg5,,1.0,30万,0,aliyun,,,,,,,,,,
ecs.hfg5.xlarge,4.0,16.0,,高主频型,hfg5,,1.5,50万,0,aliyun,,,,,,,,,,
ecs.hfg5.2xlarge,8.0,32.0,,高主频型,hfg5,,2.0,100万,0,aliyun,,,,,,,,,,
ecs.hfg5.3xlarge,12.0,48.0,,高主频型,hfg5,,2.5,130万,0,aliyun,,,,,,,,,,
ecs.hfg5.4xlarge,16.0,64.0,,高主频型,hfg5,,3.0,160万,0,aliyun,,,,,,,,,,
ecs.hfg5.6xlarge,24.0,96.0,,高主频型,hfg5,,4.5,200万,0,aliyun,,,,,,,,,,
ecs.hfg5.8xlarge,32.0,128.0,,高主频型,hfg5,,6.0,250万,0,aliyun,,,,,,,,,,
ecs.hfg5.14xlarge,56.0,160.0,,高主频型,hfg5,,10.0,400万,0,aliyun,,,,,,,,,,
ecs.i2.xlarge,4.0,32.0,,本地SSD型,i2,,1,50万,0,aliyun,,,,,,,,,,最高16
ecs.i2.2xlarge,8.0,64.0,,本地SSD型,i2,,2,100万,0,aliyun,,,,,,,,,,最高16
ecs.i2.4xlarge,16.0,128.0,,本地SSD型,i2,,3,150万,0,aliyun,,,,,,,,,,最高16
ecs.i2.8xlarge,32.0,256.0,,本地SSD型,i2,,6,200万,0,aliyun,,,,,,,,,,最高16
ecs.i2.16xlarge,64.0,512.0,,本地SSD型,i2,,10,400万,0,aliyun,,,,,,,,,,最高16
ecs.ebmg8i.48xlarge,192.0,1024.0,,,ebmg8i,,100/无,3000万,0,aliyun,,,,,,,,,100万/无,48/无
ecs.r8ae.large,2.0,16.0,,内存型,r8ae,,3/最高15,100万,0,aliyun,,,,,,,,,3万/最高20万,2/最高10
ecs.r8ae.xlarge,4.0,32.0,,内存型,r8ae,,4/最高15,120万,0,aliyun,,,,,,,,,5万/最高20万,2.5/最高10
ecs.r8ae.2xlarge,8.0,64.0,,内存型,r8ae,,6/最高15,160万,0,aliyun,,,,,,,,,6万/最高20万,3/最高10
ecs.r8ae.4xlarge,16.0,128.0,,内存型,r8ae,,12/最高25,300万,0,aliyun,,,,,,,,,10万/最高20万,6/最高10
ecs.r8ae.8xlarge,32.0,256.0,,内存型,r8ae,,20/最高25,600万,0,aliyun,,,,,,,,,20万/无,10/无
ecs.sgn8ia-m2.xlarge,4.0,16.0,,,sgn8ia-m2,,2.5,100万,0,aliyun,,,,,,,,,3万,
ecs.sgn8ia-m4.2xlarge,8.0,32.0,,,sgn8ia-m4,,4.0,160万,0,aliyun,,,,,,,,,4.5万,
ecs.sgn8ia-m8.4xlarge,16.0,64.0,,,sgn8ia-m8,,7.0,200万,0,aliyun,,,,,,,,,6万,
ecs.sgn8ia-m16.8xlarge,32.0,128.0,,,sgn8ia-m16,,10.0,300万,0,aliyun,,,,,,,,,8万,
ecs.sgn8ia-m24.12xlarge,48.0,192.0,,,sgn8ia-m24,,16.0,450万,0,aliyun,,,,,,,,,12万,
ecs.sgn8ia-m48.24xlarge,96.0,384.0,,,sgn8ia-m48,,32.0,900万,0,aliyun,,,,,,,,,2.4万,
ecs.g9i.large,2.0,8.0,,通用型,g9i,,2.5/最高15,100万,0,aliyun,,,,,,,,,2.5万/最高20万,2/最高10
ecs.g9i.xlarge,4.0,16.0,,通用型,g9i,,4/最高15,120万,0,aliyun,,,,,,,,,5万/最高20万,2.5/最高10
ecs.g9i.2xlarge,8.0,32.0,,通用型,g9i,,6/最高15,160万,0,aliyun,,,,,,,,,6万/最高20万,4/最高10
ecs.g9i.3xlarge,12.0,48.0,,通用型,g9i,,10/最高15,240万,0,aliyun,,,,,,,,,8万/最高20万,5/最高10
ecs.g9i.4xlarge,16.0,64.0,,通用型,g9i,,12/最高25,300万,0,aliyun,,,,,,,,,10万/最高20万,6/最高10
ecs.g9i.6xlarge,24.0,96.0,,通用型,g9i,,15/最高25,450万,0,aliyun,,,,,,,,,12万/最高20万,7.5/最高10
ecs.g9i.8xlarge,32.0,128.0,,通用型,g9i,,20/最高32,600万,0,aliyun,,,,,,,,,20万/最高30万,10/最高12
ecs.g9i.12xlarge,48.0,192.0,,通用型,g9i,,25/最高32,900万,0,aliyun,,,,,,,,,24万/最高32万,12/最高15
ecs.g9i.16xlarge,64.0,256.0,,通用型,g9i,,28/最高36,1200万,0,aliyun,,,,,,,,,30万/最高40万,16/最高24
ecs.g9i.24xlarge,96.0,384.0,,通用型,g9i,,32/最高48,1800万,0,aliyun,,,,,,,,,35万/最高60万,20/最高28
ecs.g9i.32xlarge,128.0,512.0,,通用型,g9i,,36/最高50,2000万,0,aliyun,,,,,,,,,40万/最高65万,24/最高28
ecs.g9i.48xlarge,192.0,768.0,,通用型,g9i,,64/无,2400万,0,aliyun,,,,,,,,,50万/最高80万,32/无
ecs.hfg7.large,2.0,8.0,,高主频型,hfg7,,1.2/10,90万,0,aliyun,,,,,,,,,2万,1.0
ecs.hfg7.xlarge,4.0,16.0,,高主频型,hfg7,,2/10,100万,0,aliyun,,,,,,,,,3万,1.5
ecs.hfg7.2xlarge,8.0,32.0,,高主频型,hfg7,,3/10,160万,0,aliyun,,,,,,,,,4.5万,2.0
ecs.hfg7.3xlarge,12.0,48.0,,高主频型,hfg7,,4.5/10,200万,0,aliyun,,,,,,,,,6万,2.5
ecs.hfg7.4xlarge,16.0,64.0,,高主频型,hfg7,,6/10,250万,0,aliyun,,,,,,,,,7.5万,3.0
ecs.hfg7.6xlarge,24.0,96.0,,高主频型,hfg7,,8/10,300万,0,aliyun,,,,,,,,,9万,4.0
ecs.hfg7.8xlarge,32.0,128.0,,高主频型,hfg7,,10/无,400万,0,aliyun,,,,,,,,,10.5万,5.0
ecs.hfg7.12xlarge,48.0,192.0,,高主频型,hfg7,,16/无,600万,0,aliyun,,,,,,,,,15万,8.0
ecs.hfg7.24xlarge,96.0,384.0,,高主频型,hfg7,,32/无,1200万,0,aliyun,,,,,,,,,30万,16.0
ecs.c8i.large,2.0,4.0,,计算型,c8i,,2.5/最高15,100万,0,aliyun,,,,,,,,,2.5万/最高20万,2/最高10
ecs.c8i.xlarge,4.0,8.0,,计算型,c8i,,4/最高15,120万,0,aliyun,,,,,,,,,5万/最高20万,2.5/最高10
ecs.c8i.2xlarge,8.0,16.0,,计算型,c8i,,6/最高15,160万,0,aliyun,,,,,,,,,6万/最高20万,4/最高10
ecs.c8i.3xlarge,12.0,24.0,,计算型,c8i,,10/最高15,240万,0,aliyun,,,,,,,,,8万/最高20万,5/最高10
ecs.c8i.4xlarge,16.0,32.0,,计算型,c8i,,12/最高25,300万,0,aliyun,,,,,,,,,10万/最高20万,6/最高10
ecs.c8i.6xlarge,24.0,48.0,,计算型,c8i,,15/最高25,450万,0,aliyun,,,,,,,,,12万/最高20万,7.5/最高10
ecs.c8i.8xlarge,32.0,64.0,,计算型,c8i,,20/最高25,600万,0,aliyun,,,,,,,,,20万/无,10/无
ecs.c8i.12xlarge,48.0,96.0,,计算型,c8i,,25/无,900万,0,aliyun,,,,,,,,,30万/无,12/无
ecs.c8i.16xlarge,64.0,128.0,,计算型,c8i,,32/无,1200万,0,aliyun,,,,,,,,,36万/无,20/无
ecs.c8i.24xlarge,96.0,192.0,,计算型,c8i,,50/无,1800万,0,aliyun,,,,,,,,,50万/无,24/无
ecs.c8i.48xlarge,192.0,512.0,,计算型,c8i,,100/无,3000万,0,aliyun,,,,,,,,,100万/无,48/无
ecs.hfr6.large,2.0,16.0,,高主频型,hfr6,,1/3,30万,0,aliyun,,,,,,,,,1万,1.0
ecs.hfr6.xlarge,4.0,32.0,,高主频型,hfr6,,1.5/5,50万,0,aliyun,,,,,,,,,2万,1.5
ecs.hfr6.2xlarge,8.0,64.0,,高主频型,hfr6,,2.5/8,80万,0,aliyun,,,,,,,,,2.5万,2.0
ecs.hfr6.3xlarge,12.0,96.0,,高主频型,hfr6,,4/10,90万,0,aliyun,,,,,,,,,3万,2.5
ecs.hfr6.4xlarge,16.0,128.0,,高主频型,hfr6,,5/10,100万,0,aliyun,,,,,,,,,4万,3.0
ecs.hfr6.6xlarge,24.0,192.0,,高主频型,hfr6,,7.5/10,150万,0,aliyun,,,,,,,,,5万,4.0
ecs.hfr6.8xlarge,32.0,256.0,,高主频型,hfr6,,10/无,200万,0,aliyun,,,,,,,,,6万,5.0
ecs.hfr6.10xlarge,40.0,384.0,,高主频型,hfr6,,12.5/无,300万,0,aliyun,,,,,,,,,10万,8.0
ecs.hfr6.16xlarge,64.0,512.0,,高主频型,hfr6,,20/无,400万,0,aliyun,,,,,,,,,12万,10.0
ecs.hfr6.20xlarge,80.0,768.0,,高主频型,hfr6,,25/无,600万,0,aliyun,,,,,,,,,20万,16.0
ecs.c6t.large,2.0,4.0,,计算型,c6t,,1.2/最高10,90万,0,aliyun,,,,,,,,,2万,1.0
ecs.c6t.xlarge,4.0,8.0,,计算型,c6t,,2/最高10,100万,0,aliyun,,,,,,,,,4万,1.5
ecs.c6t.2xlarge,8.0,16.0,,计算型,c6t,,3/最高10,160万,0,aliyun,,,,,,,,,5万,2.0
ecs.c6t.4xlarge,16.0,32.0,,计算型,c6t,,6/最高10,300万,0,aliyun,,,,,,,,,8万,3.0
ecs.c6t.8xlarge,32.0,64.0,,计算型,c6t,,10/无,600万,0,aliyun,,,,,,,,,15万,5.0
ecs.c6t.13xlarge,52.0,96.0,,计算型,c6t,,16/无,900万,0,aliyun,,,,,,,,,24万,8.0
ecs.c6t.26xlarge,104.0,192.0,,计算型,c6t,,32/无,2400万,0,aliyun,,,,,,,,,48万,16.0
ecs.hfr7.large,2.0,16.0,,高主频型,hfr7,,1.2/10,90万,0,aliyun,,,,,,,,,2万,1.0
ecs.hfr7.xlarge,4.0,32.0,,高主频型,hfr7,,2/10,100万,0,aliyun,,,,,,,,,3万,1.5
ecs.hfr7.2xlarge,8.0,64.0,,高主频型,hfr7,,3/10,160万,0,aliyun,,,,,,,,,4.5万,2.0
ecs.hfr7.3xlarge,12.0,96.0,,高主频型,hfr7,,4.5/10,200万,0,aliyun,,,,,,,,,6万,2.5
ecs.hfr7.4xlarge,16.0,128.0,,高主频型,hfr7,,6/10,250万,0,aliyun,,,,,,,,,7.5万,3.0
ecs.hfr7.6xlarge,24.0,192.0,,高主频型,hfr7,,8/10,300万,0,aliyun,,,,,,,,,9万,4.0
ecs.hfr7.8xlarge,32.0,256.0,,高主频型,hfr7,,10/无,400万,0,aliyun,,,,,,,,,10.5万,5.0
ecs.hfr7.12xlarge,48.0,384.0,,高主频型,hfr7,,16/无,600万,0,aliyun,,,,,,,,,15万,8.0
ecs.hfr7.24xlarge,96.0,768.0,,高主频型,hfr7,,32/无,1200万,0,aliyun,,,,,,,,,30万,16.0
ecs.ebmc7a.64xlarge,256.0,512.0,,,ebmc7a,,64,2400万,0,aliyun,,,,,,,,,60万,32
ecs.ebmc6e.26xlarge,104.0,192.0,,,ebmc6e,,32,2400万,0,aliyun,,,,,,,,,48万,16
ecs.i1.xlarge,4.0,16.0,,本地SSD型,i1,,0.8,20万,0,aliyun,,,,,,,,,,
ecs.i1.2xlarge,8.0,32.0,,本地SSD型,i1,,1.5,40万,0,aliyun,,,,,,,,,,
ecs.i1.3xlarge,12.0,48.0,,本地SSD型,i1,,2.0,40万,0,aliyun,,,,,,,,,,
ecs.i1.4xlarge,16.0,64.0,,本地SSD型,i1,,3.0,50万,0,aliyun,,,,,,,,,,
ecs.i1-c5d1.4xlarge,16.0,64.0,,本地SSD型,i1-c5d1,,3.0,40万,0,aliyun,,,,,,,,,,
ecs.i1.6xlarge,24.0,96.0,,本地SSD型,i1,,4.5,60万,0,aliyun,,,,,,,,,,
ecs.i1.8xlarge,32.0,128.0,,本地SSD型,i1,,6.0,80万,0,aliyun,,,,,,,,,,
ecs.i1-c10d1.8xlarge,32.0,128.0,,本地SSD型,i1-c10d1,,6.0,80万,0,aliyun,,,,,,,,,,
ecs.i1.14xlarge,56.0,224.0,,本地SSD型,i1,,10.0,120万,0,aliyun,,,,,,,,,,
ecs.ebmc8y.32xlarge,128.0,256.0,,,ebmc8y,,64/无,2000万,0,aliyun,,,,,,,,,50万/无,32/无
ecs.hfg6.large,2.0,8.0,,高主频型,hfg6,,1/3,30万,0,aliyun,,,,,,,,,1万,1.0
ecs.hfg6.xlarge,4.0,16.0,,高主频型,hfg6,,1.5/5,50万,0,aliyun,,,,,,,,,2万,1.5
ecs.hfg6.2xlarge,8.0,32.0,,高主频型,hfg6,,2.5/8,80万,0,aliyun,,,,,,,,,2.5万,2.0
ecs.hfg6.3xlarge,12.0,48.0,,高主频型,hfg6,,4/10,90万,0,aliyun,,,,,,,,,3万,2.5
ecs.hfg6.4xlarge,16.0,64.0,,高主频型,hfg6,,5/10,100万,0,aliyun,,,,,,,,,4万,3.0
ecs.hfg6.6xlarge,24.0,96.0,,高主频型,hfg6,,7.5/10,150万,0,aliyun,,,,,,,,,5万,4.0
ecs.hfg6.8xlarge,32.0,128.0,,高主频型,hfg6,,10/无,200万,0,aliyun,,,,,,,,,6万,5.0
ecs.hfg6.10xlarge,40.0,192.0,,高主频型,hfg6,,12.5/无,300万,0,aliyun,,,,,,,,,10万,8.0
ecs.hfg6.16xlarge,64.0,256.0,,高主频型,hfg6,,20/无,400万,0,aliyun,,,,,,,,,12万,10.0
ecs.hfg6.20xlarge,80.0,384.0,,高主频型,hfg6,,25/无,600万,0,aliyun,,,,,,,,,20万,16.0
ecs.g7t.large,2.0,8.0,,通用型,g7t,,2/最高10,90万,0,aliyun,,,,,,,,,2万/最高11万,1.5/最高6
ecs.g7t.xlarge,4.0,16.0,,通用型,g7t,,3/最高10,100万,0,aliyun,,,,,,,,,4万/最高11万,2/最高6
ecs.g7t.2xlarge,8.0,32.0,,通用型,g7t,,5/最高10,160万,0,aliyun,,,,,,,,,5万/最高11万,3/最高6
ecs.g7t.3xlarge,12.0,48.0,,通用型,g7t,,8/最高10,240万,0,aliyun,,,,,,,,,7万/最高11万,4/最高6
ecs.g7t.4xlarge,16.0,64.0,,通用型,g7t,,10/最高25,300万,0,aliyun,,,,,,,,,8万/最高11万,5/最高6
ecs.g7t.6xlarge,24.0,96.0,,通用型,g7t,,12/最高25,450万,0,aliyun,,,,,,,,,11万/无,6/无
ecs.g7t.8xlarge,32.0,128.0,,通用型,g7t,,16/最高25,600万,0,aliyun,,,,,,,,,15万/无,8/无
ecs.g7t.16xlarge,64.0,256.0,,通用型,g7t,,32/无,1200万,0,aliyun,,,,,,,,,30万/无,16/无
ecs.g7t.32xlarge,128.0,512.0,,通用型,g7t,,64/无,2400万,0,aliyun,,,,,,,,,60万/无,32/无
ecs.ic5.large,2.0,2.0,,本地SSD型,ic5,,1.0,30万,0,aliyun,,,,,,,,,,
ecs.ic5.xlarge,4.0,4.0,,本地SSD型,ic5,,1.5,50万,0,aliyun,,,,,,,,,,
ecs.ic5.2xlarge,8.0,8.0,,本地SSD型,ic5,,2.5,80万,0,aliyun,,,,,,,,,,
ecs.ic5.3xlarge,12.0,12.0,,本地SSD型,ic5,,4.0,90万,0,aliyun,,,,,,,,,,
ecs.ic5.4xlarge,16.0,16.0,,本地SSD型,ic5,,5.0,100万,0,aliyun,,,,,,,,,,
ecs.ic5.6xlarge,24.0,24.0,,本地SSD型,ic5,,7.5,150万,0,aliyun,,,,,,,,,,
ecs.ic5.8xlarge,32.0,32.0,,本地SSD型,ic5,,10.0,200万,0,aliyun,,,,,,,,,,
ecs.ic5.16xlarge,64.0,64.0,,本地SSD型,ic5,,20.0,300万,0,aliyun,,,,,,,,,,
ecs.ebmg6a.64xlarge,256.0,1024.0,,,ebmg6a,,64,2400万,0,aliyun,,,,,,,,,60万,32
ecs.vgn6i-m4-vws.xlarge,4.0,23.0,,,vgn6i-m4-vws,,2.0,50万,0,aliyun,,,,,,,,,,
ecs.vgn6i-m8-vws.2xlarge,10.0,46.0,,,vgn6i-m8-vws,,4.0,80万,0,aliyun,,,,,,,,,,
ecs.vgn6i-m16-vws.5xlarge,20.0,92.0,,,vgn6i-m16-vws,,7.5,120万,0,aliyun,,,,,,,,,,
ecs.ebmg8y.32xlarge,128.0,512.0,,,ebmg8y,,64/无,2000万,0,aliyun,,,,,,,,,50万/无,32/无
ecs.ebmg7a.64xlarge,256.0,1024.0,,,ebmg7a,,64,2400万,0,aliyun,,,,,,,,,60万,32
ecs.ebmg6e.26xlarge,104.0,384.0,,,ebmg6e,,32,2400万,0,aliyun,,,,,,,,,48万,16
ecs.g6t.large,2.0,8.0,,通用型,g6t,,1.2/最高10,90万,0,aliyun,,,,,,,,,2万,1.0
ecs.g6t.xlarge,4.0,16.0,,通用型,g6t,,2/最高10,100万,0,aliyun,,,,,,,,,4万,1.5
ecs.g6t.2xlarge,8.0,32.0,,通用型,g6t,,3/最高10,160万,0,aliyun,,,,,,,,,5万,2.0
ecs.g6t.4xlarge,16.0,64.0,,通用型,g6t,,6/最高10,300万,0,aliyun,,,,,,,,,8万,3.0
ecs.g6t.8xlarge,32.0,128.0,,通用型,g6t,,10/无,600万,0,aliyun,,,,,,,,,15万,5.0
ecs.g6t.13xlarge,52.0,192.0,,通用型,g6t,,16/无,900万,0,aliyun,,,,,,,,,24万,8.0
ecs.g6t.26xlarge,104.0,384.0,,通用型,g6t,,32/无,2400万,0,aliyun,,,,,,,,,48万,16.0
ecs.ebmc6a.64xlarge,256.0,512.0,,,ebmc6a,,64,2400万,0,aliyun,,,,,,,,,60万,32
ecs.c7t.large,2.0,4.0,,计算型,c7t,,2/最高10,90万,0,aliyun,,,,,,,,,2万/最高11万,1.5/最高6
ecs.c7t.xlarge,4.0,8.0,,计算型,c7t,,3/最高10,100万,0,aliyun,,,,,,,,,4万/最高11万,2/最高6
ecs.c7t.2xlarge,8.0,16.0,,计算型,c7t,,5/最高10,160万,0,aliyun,,,,,,,,,5万/最高11万,3/最高6
ecs.c7t.3xlarge,12.0,24.0,,计算型,c7t,,8/最高10,240万,0,aliyun,,,,,,,,,7万/最高11万,4/最高6
ecs.c7t.4xlarge,16.0,32.0,,计算型,c7t,,10/最高25,300万,0,aliyun,,,,,,,,,8万/最高11万,5/最高6
ecs.c7t.6xlarge,24.0,48.0,,计算型,c7t,,12/最高25,450万,0,aliyun,,,,,,,,,11万/无,6/无
ecs.c7t.8xlarge,32.0,64.0,,计算型,c7t,,16/最高25,600万,0,aliyun,,,,,,,,,15万/无,8/无
ecs.c7t.16xlarge,64.0,128.0,,计算型,c7t,,32/无,1200万,0,aliyun,,,,,,,,,30万/无,16/无
ecs.c7t.32xlarge,128.0,256.0,,计算型,c7t,,64/无,2400万,0,aliyun,,,,,,,,,60万/无,32/无
ecs.se1.large,2.0,16.0,,,se1,,0.5,10万,0,aliyun,,,,,,,,,,
ecs.se1.xlarge,4.0,32.0,,,se1,,0.8,20万,0,aliyun,,,,,,,,,,
ecs.se1.2xlarge,8.0,64.0,,,se1,,1.5,40万,0,aliyun,,,,,,,,,,
ecs.se1.4xlarge,16.0,128.0,,,se1,,3.0,50万,0,aliyun,,,,,,,,,,
ecs.se1.8xlarge,32.0,256.0,,,se1,,6.0,80万,0,aliyun,,,,,,,,,,
ecs.se1.14xlarge,56.0,480.0,,,se1,,10.0,120万,0,aliyun,,,,,,,,,,
ecs.c9i.large,2.0,4.0,,计算型,c9i,,2.5/最高15,100万,0,aliyun,,,,,,,,,2.5万/最高20万,2/最高10
ecs.c9i.xlarge,4.0,8.0,,计算型,c9i,,4/最高15,120万,0,aliyun,,,,,,,,,5万/最高20万,2.5/最高10
ecs.c9i.2xlarge,8.0,16.0,,计算型,c9i,,6/最高15,160万,0,aliyun,,,,,,,,,6万/最高20万,4/最高10
ecs.c9i.3xlarge,12.0,24.0,,计算型,c9i,,10/最高15,240万,0,aliyun,,,,,,,,,8万/最高20万,5/最高10
ecs.c9i.4xlarge,16.0,32.0,,计算型,c9i,,12/最高25,300万,0,aliyun,,,,,,,,,10万/最高20万,6/最高10
ecs.c9i.6xlarge,24.0,48.0,,计算型,c9i,,15/最高25,450万,0,aliyun,,,,,,,,,12万/最高20万,7.5/最高10
ecs.c9i.8xlarge,32.0,64.0,,计算型,c9i,,20/最高32,600万,0,aliyun,,,,,,,,,20万/最高30万,10/最高12
ecs.c9i.12xlarge,48.0,96.0,,计算型,c9i,,25/最高32,900万,0,aliyun,,,,,,,,,24万/最高32万,12/最高15
ecs.c9i.16xlarge,64.0,128.0,,计算型,c9i,,28/最高36,1200万,0,aliyun,,,,,,,,,30万/最高40万,16/最高24
ecs.c9i.24xlarge,96.0,192.0,,计算型,c9i,,32/最高48,1800万,0,aliyun,,,,,,,,,35万/最高60万,20/最高28
ecs.c9i.32xlarge,128.0,256.0,,计算型,c9i,,36/最高50,2000万,0,aliyun,,,,,,,,,40万/最高65万,24/最高28
ecs.c9i.48xlarge,192.0,384.0,,计算型,c9i,,64/无,2400万,0,aliyun,,,,,,,,,50万/最高80万,32/无
ecs.i4.large,2.0,16.0,,本地SSD型,i4,,2.5/15,90万,0,aliyun,,,,,,,,,2万/最高11万,1.5/6
ecs.i4.xlarge,4.0,32.0,,本地SSD型,i4,,4/15,100万,0,aliyun,,,,,,,,,4万/最高11万,2/6
ecs.i4.2xlarge,8.0,64.0,,本地SSD型,i4,,6/15,160万,0,aliyun,,,,,,,,,5万/最高11万,3/6
ecs.i4.4xlarge,16.0,128.0,,本地SSD型,i4,,10/25,300万,0,aliyun,,,,,,,,,8万/最高11万,5/6
ecs.i4.8xlarge,32.0,256.0,,本地SSD型,i4,,25/无,600万,0,aliyun,,,,,,,,,15万/无,8/无
ecs.i4.16xlarge,64.0,512.0,,本地SSD型,i4,,50/无,1200万,0,aliyun,,,,,,,,,30万/无,16/无
ecs.i4.32xlarge,128.0,1024.0,,本地SSD型,i4,,100/无,2400万,0,aliyun,,,,,,,,,60万/无,32/无
ecs.gn7s-c8g1.2xlarge,8.0,60.0,,通用型,gn7s-c8g1,,16,600万,0,aliyun,,,,,,,,,,
ecs.gn7s-c16g1.4xlarge,16.0,120.0,,通用型,gn7s-c16g1,,16,600万,0,aliyun,,,,,,,,,,
ecs.gn7s-c32g1.8xlarge,32.0,250.0,,通用型,gn7s-c32g1,,16,600万,0,aliyun,,,,,,,,,,
ecs.gn7s-c32g1.16xlarge,64.0,500.0,,通用型,gn7s-c32g1,,32,1200万,0,aliyun,,,,,,,,,,
ecs.gn7s-c32g1.32xlarge,128.0,1000.0,,通用型,gn7s-c32g1,,64,2400万,0,aliyun,,,,,,,,,,
ecs.gn7s-c48g1.12xlarge,48.0,380.0,,通用型,gn7s-c48g1,,16,600万,0,aliyun,,,,,,,,,,
ecs.gn7s-c56g1.14xlarge,56.0,440.0,,通用型,gn7s-c56g1,,16,600万,0,aliyun,,,,,,,,,,
ecs.i4r.4xlarge,16.0,128.0,,本地SSD型,i4r,,8/25,300万,0,aliyun,,,,,,,,,10万,6
ecs.i4r.8xlarge,32.0,256.0,,本地SSD型,i4r,,16/25,600万,0,aliyun,,,,,,,,,15万,8
ecs.i4r.16xlarge,64.0,512.0,,本地SSD型,i4r,,32/无,1200万,0,aliyun,,,,,,,,,30万,16
ecs.i4r.32xlarge,128.0,1024.0,,本地SSD型,i4r,,64/无,2400万,0,aliyun,,,,,,,,,60万,32
ecs.g8i.large,2.0,8.0,,通用型,g8i,,2.5/最高15,100万,0,aliyun,,,,,,,,,2.5万/最高20万,2/最高10
ecs.g8i.xlarge,4.0,16.0,,通用型,g8i,,4/最高15,120万,0,aliyun,,,,,,,,,5万/最高20万,2.5/最高10
ecs.g8i.2xlarge,8.0,32.0,,通用型,g8i,,6/最高15,160万,0,aliyun,,,,,,,,,6万/最高20万,4/最高10
ecs.g8i.3xlarge,12.0,48.0,,通用型,g8i,,10/最高15,240万,0,aliyun,,,,,,,,,8万/最高20万,5/最高10
ecs.g8i.4xlarge,16.0,64.0,,通用型,g8i,,12/最高25,300万,0,aliyun,,,,,,,,,10万/最高20万,6/最高10
ecs.g8i.6xlarge,24.0,96.0,,通用型,g8i,,15/最高25,450万,0,aliyun,,,,,,,,,12万/最高20万,7.5/最高10
ecs.g8i.8xlarge,32.0,128.0,,通用型,g8i,,20/最高25,600万,0,aliyun,,,,,,,,,20万/无,10/无
ecs.g8i.12xlarge,48.0,192.0,,通用型,g8i,,25/无,900万,0,aliyun,,,,,,,,,30万/无,12/无
ecs.g8i.16xlarge,64.0,256.0,,通用型,g8i,,32/无,1200万,0,aliyun,,,,,,,,,36万/无,20/无
ecs.g8i.24xlarge,96.0,384.0,,通用型,g8i,,50/无,1800万,0,aliyun,,,,,,,,,50万/无,24/无
ecs.g8i.48xlarge,192.0,1024.0,,通用型,g8i,,100/无,3000万,0,aliyun,,,,,,,,,100万/无,48/无
ecs.i4g.4xlarge,16.0,64.0,,本地SSD型,i4g,,8/25,300万,0,aliyun,,,,,,,,,10万,6
ecs.i4g.8xlarge,32.0,128.0,,本地SSD型,i4g,,16/25,600万,0,aliyun,,,,,,,,,15万,8
ecs.i4g.16xlarge,64.0,256.0,,本地SSD型,i4g,,32/无,1200万,0,aliyun,,,,,,,,,30万,16
ecs.i4g.32xlarge,128.0,512.0,,本地SSD型,i4g,,64/无,2400万,0,aliyun,,,,,,,,,60万,32
ecs.i4p.2xlarge,8.0,32.0,,本地SSD型,i4p,,5/10,160万,0,aliyun,,,,,,,,,5万/11万,3/6
ecs.i4p.4xlarge,16.0,64.0,,本地SSD型,i4p,,10/25,300万,0,aliyun,,,,,,,,,8万/11万,5/6
ecs.i4p.6xlarge,24.0,96.0,,本地SSD型,i4p,,12/25,450万,0,aliyun,,,,,,,,,11万/无,6/无
ecs.i4p.8xlarge,32.0,128.0,,本地SSD型,i4p,,16/25,600万,0,aliyun,,,,,,,,,15万/无,8/无
ecs.i4p.16xlarge,64.0,256.0,,本地SSD型,i4p,,32/无,1200万,0,aliyun,,,,,,,,,30万/无,16/无
ecs.i4p.32xlarge,128.0,512.0,,本地SSD型,i4p,,64/无,2400万,0,aliyun,,,,,,,,,60万/无,32/无
ecs.ebmc8i.48xlarge,192.0,512.0,,,ebmc8i,,100/无,3000万,0,aliyun,,,,,,,,,100万/无,48/无
ecs.d1.2xlarge,8.0,32.0,,大数据型,d1,,3.0,30,0,aliyun,,,,,,,,,,
ecs.d1.3xlarge,12.0,48.0,,大数据型,d1,,4.0,40,0,aliyun,,,,,,,,,,
ecs.d1.4xlarge,16.0,64.0,,大数据型,d1,,6.0,60,0,aliyun,,,,,,,,,,
ecs.d1.6xlarge,24.0,96.0,,大数据型,d1,,8.0,80,0,aliyun,,,,,,,,,,
ecs.d1-c8d3.8xlarge,32.0,128.0,,大数据型,d1-c8d3,,10.0,100,0,aliyun,,,,,,,,,,
ecs.d1.8xlarge,32.0,128.0,,大数据型,d1,,10.0,100,0,aliyun,,,,,,,,,,
ecs.d1-c14d3.14xlarge,56.0,160.0,,大数据型,d1-c14d3,,17.0,180,0,aliyun,,,,,,,,,,
ecs.d1.14xlarge,56.0,224.0,,大数据型,d1,,17.0,180,0,aliyun,,,,,,,,,,
ecs.sn2ne.large,2.0,8.0,,,sn2ne,,1.0,30万,0,aliyun,,,,,,,,,,
ecs.sn2ne.xlarge,4.0,16.0,,,sn2ne,,1.5,50万,0,aliyun,,,,,,,,,,
ecs.sn2ne.2xlarge,8.0,32.0,,,sn2ne,,2.0,100万,0,aliyun,,,,,,,,,,
ecs.sn2ne.3xlarge,12.0,48.0,,,sn2ne,,2.5,130万,0,aliyun,,,,,,,,,,
ecs.sn2ne.4xlarge,16.0,64.0,,,sn2ne,,3.0,160万,0,aliyun,,,,,,,,,,
ecs.sn2ne.6xlarge,24.0,96.0,,,sn2ne,,4.5,200万,0,aliyun,,,,,,,,,,
ecs.sn2ne.8xlarge,32.0,128.0,,,sn2ne,,6.0,250万,0,aliyun,,,,,,,,,,
ecs.sn2ne.14xlarge,56.0,224.0,,,sn2ne,,10.0,450万,0,aliyun,,,,,,,,,,
ecs.c6e.large,2.0,4.0,,计算型,c6e,,1.2/最高10,90万,0,aliyun,,,,,,,,,2万,1.0
ecs.c6e.xlarge,4.0,8.0,,计算型,c6e,,2/最高10,100万,0,aliyun,,,,,,,,,4万,1.5
ecs.c6e.2xlarge,8.0,16.0,,计算型,c6e,,3/最高10,160万,0,aliyun,,,,,,,,,5万,2.0
ecs.c6e.4xlarge,16.0,32.0,,计算型,c6e,,6/最高10,300万,0,aliyun,,,,,,,,,8万,3.0
ecs.c6e.8xlarge,32.0,64.0,,计算型,c6e,,10/无,600万,0,aliyun,,,,,,,,,15万,5.0
ecs.c6e.13xlarge,52.0,96.0,,计算型,c6e,,16/无,900万,0,aliyun,,,,,,,,,24万,8.0
ecs.c6e.26xlarge,104.0,192.0,,计算型,c6e,,32/无,2400万,0,aliyun,,,,,,,,,48万,16.0
ecs.c7a.large,2.0,4.0,,计算型,c7a,,1/最高10,90万,0,aliyun,,,,,,,,,1.25万/最高11万,1/最高6
ecs.c7a.xlarge,4.0,8.0,,计算型,c7a,,1.5/最高10,100万,0,aliyun,,,,,,,,,2万/最高11万,1.5/最高6
ecs.c7a.2xlarge,8.0,16.0,,计算型,c7a,,2.5/最高10,160万,0,aliyun,,,,,,,,,3万/最高11万,2/最高6
ecs.c7a.4xlarge,16.0,32.0,,计算型,c7a,,5/最高10,200万,0,aliyun,,,,,,,,,6万/最高11万,3/最高6
ecs.c7a.8xlarge,32.0,64.0,,计算型,c7a,,8/最高10,300万,0,aliyun,,,,,,,,,7.5万/最高11万,4/最高6
ecs.c7a-nps1.8xlarge,32.0,64.0,,计算型,c7a-nps1,,8/最高10,300万,0,aliyun,,,,,,,,,7.5万/最高11万,4/最高6
ecs.c7a.16xlarge,64.0,128.0,,计算型,c7a,,16/无,600万,0,aliyun,,,,,,,,,15万/无,8/无
ecs.c7a-nps1.16xlarge,64.0,128.0,,计算型,c7a-nps1,,16/无,600万,0,aliyun,,,,,,,,,15万/无,8/无
ecs.c7a.32xlarge,128.0,256.0,,计算型,c7a,,32/无,1200万,0,aliyun,,,,,,,,,30万/无,16/无
ecs.c6r.large,2.0,4.0,,计算型,c6r,,1/10,90万,0,aliyun,,,,,,,,,1.25万,1.0
ecs.c6r.xlarge,4.0,8.0,,计算型,c6r,,1.5/10,100万,0,aliyun,,,,,,,,,2万,1.5
ecs.c6r.2xlarge,8.0,16.0,,计算型,c6r,,2.5/10,160万,0,aliyun,,,,,,,,,3万,2.0
ecs.c6r.4xlarge,16.0,32.0,,计算型,c6r,,5/10,200万,0,aliyun,,,,,,,,,6万,3.0
ecs.c6r.8xlarge,32.0,64.0,,计算型,c6r,,8/10,300万,0,aliyun,,,,,,,,,7.5万,4.0
ecs.c6r.16xlarge,64.0,128.0,,计算型,c6r,,16/无,600万,0,aliyun,,,,,,,,,15万,8.0
ecs.c7se.large,2.0,4.0,,计算型,c7se,,1.2/最高3,45万,0,aliyun,,,,,,,,,3万/最高15万,3/10
ecs.c7se.xlarge,4.0,8.0,,计算型,c7se,,2/最高5,50万,0,aliyun,,,,,,,,,6万/最高15万,4/10
ecs.c7se.2xlarge,8.0,16.0,,计算型,c7se,,3/最高8,80万,0,aliyun,,,,,,,,,10万/最高15万,6/10
ecs.c7se.3xlarge,12.0,24.0,,计算型,c7se,,4.5/最高10,120万,0,aliyun,,,,,,,,,12万/最高15万,8/10
ecs.c7se.4xlarge,16.0,32.0,,计算型,c7se,,6/最高10,150万,0,aliyun,,,,,,,,,15万/无,10/无
ecs.c7se.6xlarge,24.0,48.0,,计算型,c7se,,8/最高10,225万,0,aliyun,,,,,,,,,20万/无,12/无
ecs.c7se.8xlarge,32.0,64.0,,计算型,c7se,,10/无,300万,0,aliyun,,,,,,,,,30万/无,16/无
ecs.c7se.16xlarge,64.0,128.0,,计算型,c7se,,16/无,600万,0,aliyun,,,,,,,,,50万/无,32/无
ecs.c8y.small,1.0,2.0,,计算型,c8y,,1/10,50万,0,aliyun,,,,,,,,,1万/最高11万,1/最高10
ecs.c8y.large,2.0,4.0,,计算型,c8y,,2/10,90万,0,aliyun,,,,,,,,,2万/最高11万,1.5/最高10
ecs.c8y.xlarge,4.0,8.0,,计算型,c8y,,3/10,100万,0,aliyun,,,,,,,,,4万/最高11万,2/最高10
ecs.c8y.2xlarge,8.0,16.0,,计算型,c8y,,5/10,160万,0,aliyun,,,,,,,,,5万/最高11万,3/最高10
ecs.c8y.4xlarge,16.0,32.0,,计算型,c8y,,10/25,300万,0,aliyun,,,,,,,,,8万/最高11万,5/最高10
ecs.c8y.8xlarge,32.0,64.0,,计算型,c8y,,16/25,500万,0,aliyun,,,,,,,,,12.5万,10
ecs.c8y.16xlarge,64.0,128.0,,计算型,c8y,,32/无,1000万,0,aliyun,,,,,,,,,25万,16
ecs.c8y.32xlarge,128.0,256.0,,计算型,c8y,,64/无,2000万,0,aliyun,,,,,,,,,50万,32
ecs.e4.small,1.0,8.0,,,e4,,0.5,5,0,aliyun,,,,,,,,,,
ecs.e4.large,2.0,16.0,,,e4,,0.5,10,0,aliyun,,,,,,,,,,
ecs.e4.xlarge,4.0,32.0,,,e4,,0.8,15,0,aliyun,,,,,,,,,,
ecs.e4.2xlarge,8.0,64.0,,,e4,,1.2,30,0,aliyun,,,,,,,,,,
ecs.e4.4xlarge,16.0,128.0,,,e4,,2.5,40,0,aliyun,,,,,,,,,,
ecs.g6a.large,2.0,8.0,,通用型,g6a,,1/10,90万,0,aliyun,,,,,,,,,1.25万,1.0
ecs.g6a.xlarge,4.0,16.0,,通用型,g6a,,1.5/10,100万,0,aliyun,,,,,,,,,2万,1.5
ecs.g6a.2xlarge,8.0,32.0,,通用型,g6a,,2.5/10,160万,0,aliyun,,,,,,,,,3万,2.0
ecs.g6a.4xlarge,16.0,64.0,,通用型,g6a,,5/10,200万,0,aliyun,,,,,,,,,6万,3.1
ecs.g6a.8xlarge,32.0,128.0,,通用型,g6a,,8/10,300万,0,aliyun,,,,,,,,,7.5万,4.1
ecs.g6a.16xlarge,64.0,256.0,,通用型,g6a,,16/无,600万,0,aliyun,,,,,,,,,15万,8.2
ecs.g6a.32xlarge,128.0,512.0,,通用型,g6a,,32/无,1200万,0,aliyun,,,,,,,,,30万,16.4
ecs.ebmr5s.24xlarge,96.0,768.0,,,ebmr5s,,32,450万,0,aliyun,,,,,,,,,20万,16
ecs.g7nex.large,2.0,8.0,,通用型,g7nex,,3/最高20,,0,aliyun,,,,,,,,,1万/最高5万,1.5/最高8
ecs.g7nex.xlarge,4.0,16.0,,通用型,g7nex,,5/最高24,,0,aliyun,,,,,,,,,2万/最高5万,2/最高8
ecs.g7nex.2xlarge,8.0,32.0,,通用型,g7nex,,10/最高32,,0,aliyun,,,,,,,,,2.5万/最高5万,3/最高8
ecs.g7nex.4xlarge,16.0,64.0,,通用型,g7nex,,20/最高40,,0,aliyun,,,,,,,,,4万/最高5万,5/最高8
ecs.g7nex.8xlarge,32.0,128.0,,通用型,g7nex,,40/无,,0,aliyun,,,,,,,,,7.5万/无,8/无
ecs.g7nex.16xlarge,64.0,256.0,,通用型,g7nex,,80/无,,0,aliyun,,,,,,,,,15万/无,16/无
ecs.g7nex.32xlarge,128.0,512.0,,通用型,g7nex,,160/无,,0,aliyun,,,,,,,,,30万/无,32/无
ecs.ebmg7se.32xlarge,128.0,512.0,,,ebmg7se,,32,1200万,0,aliyun,,,,,,,,,100万,64
ecs.ebmr8y.32xlarge,128.0,1024.0,,,ebmr8y,,64/无,2000万,0,aliyun,,,,,,,,,50万/无,32/无
ecs.ebmr7a.64xlarge,256.0,2048.0,,,ebmr7a,,64,2400万,0,aliyun,,,,,,,,,60万,32
ecs.ebmr6e.26xlarge,104.0,768.0,,,ebmr6e,,32,2400万,0,aliyun,,,,,,,,,48万,16
ecs.r7se.large,2.0,16.0,,内存型,r7se,,1.2/最高3,45万,0,aliyun,,,,,,,,,3万/最高15万,3/10
ecs.r7se.xlarge,4.0,32.0,,内存型,r7se,,2/最高5,50万,0,aliyun,,,,,,,,,6万/最高15万,4/10
ecs.r7se.2xlarge,8.0,64.0,,内存型,r7se,,3/最高8,80万,0,aliyun,,,,,,,,,10万/最高15万,6/10
ecs.r7se.3xlarge,12.0,96.0,,内存型,r7se,,4.5/最高10,120万,0,aliyun,,,,,,,,,12万/最高15万,8/10
ecs.r7se.4xlarge,16.0,128.0,,内存型,r7se,,6/最高10,150万,0,aliyun,,,,,,,,,15万/无,10/无
ecs.r7se.6xlarge,24.0,192.0,,内存型,r7se,,8/最高10,225万,0,aliyun,,,,,,,,,20万/无,12/无
ecs.r7se.8xlarge,32.0,256.0,,内存型,r7se,,10/无,300万,0,aliyun,,,,,,,,,30万/无,16/无
ecs.r7se.16xlarge,64.0,512.0,,内存型,r7se,,16/无,600万,0,aliyun,,,,,,,,,50万/无,32/无
ecs.gn7i-c8g1.2xlarge,8.0,30.0,,通用型,gn7i-c8g1,,16,160万,0,aliyun,,,,,,,,,,
ecs.gn7i-c16g1.4xlarge,16.0,60.0,,通用型,gn7i-c16g1,,16,300万,0,aliyun,,,,,,,,,,
ecs.gn7i-c32g1.8xlarge,32.0,188.0,,通用型,gn7i-c32g1,,16,600万,0,aliyun,,,,,,,,,,
ecs.gn7i-c32g1.16xlarge,64.0,376.0,,通用型,gn7i-c32g1,,32,1200万,0,aliyun,,,,,,,,,,
ecs.gn7i-c32g1.32xlarge,128.0,752.0,,通用型,gn7i-c32g1,,64,2400万,0,aliyun,,,,,,,,,,
ecs.gn7i-c48g1.12xlarge,48.0,310.0,,通用型,gn7i-c48g1,,16,900万,0,aliyun,,,,,,,,,,
ecs.gn7i-c56g1.14xlarge,56.0,346.0,,通用型,gn7i-c56g1,,16,1200万,0,aliyun,,,,,,,,,,
ecs.gn7i-2x.8xlarge,32.0,128.0,,通用型,gn7i-2x,,16,600万,0,aliyun,,,,,,,,,,
ecs.gn7i-4x.8xlarge,32.0,128.0,,通用型,gn7i-4x,,16,600万,0,aliyun,,,,,,,,,,
ecs.gn7i-4x.16xlarge,64.0,256.0,,通用型,gn7i-4x,,32,1200万,0,aliyun,,,,,,,,,,
ecs.gn7i-8x.32xlarge,128.0,512.0,,通用型,gn7i-8x,,64,2400万,0,aliyun,,,,,,,,,,
ecs.gn7i-8x.16xlarge,64.0,256.0,,通用型,gn7i-8x,,32,1200万,0,aliyun,,,,,,,,,,
ecs.d3c.3xlarge,14.0,56.0,,大数据型,d3c,,8/最高10,160,0,aliyun,,,,,,,,,4/无,3/无
ecs.d3c.7xlarge,28.0,112.0,,大数据型,d3c,,16/最高25,250,0,aliyun,,,,,,,,,5/无,4/无
ecs.d3c.14xlarge,56.0,224.0,,大数据型,d3c,,40/无,500,0,aliyun,,,,,,,,,10/无,8/无
ecs.g5ne.large,2.0,8.0,,通用型,g5ne,,1.0,40万,0,aliyun,,,,,,,,,1万,1
ecs.g5ne.xlarge,4.0,16.0,,通用型,g5ne,,2.0,75万,0,aliyun,,,,,,,,,1.5万,1
ecs.g5ne.2xlarge,8.0,32.0,,通用型,g5ne,,3.5,150万,0,aliyun,,,,,,,,,3万,1
ecs.g5ne.4xlarge,16.0,64.0,,通用型,g5ne,,7.0,300万,0,aliyun,,,,,,,,,6万,2
ecs.g5ne.8xlarge,32.0,128.0,,通用型,g5ne,,15.0,600万,0,aliyun,,,,,,,,,11万,4
ecs.g5ne.16xlarge,64.0,256.0,,通用型,g5ne,,30.0,1200万,0,aliyun,,,,,,,,,13万,8
ecs.g5ne.18xlarge,72.0,288.0,,通用型,g5ne,,33.0,1350万,0,aliyun,,,,,,,,,16万,9
ecs.r8i.large,2.0,16.0,,内存型,r8i,,2.5/最高15,100万,0,aliyun,,,,,,,,,2.5万/最高20万,2/最高10
ecs.r8i.xlarge,4.0,32.0,,内存型,r8i,,4/最高15,120万,0,aliyun,,,,,,,,,5万/最高20万,2.5/最高10
ecs.r8i.2xlarge,8.0,64.0,,内存型,r8i,,6/最高15,160万,0,aliyun,,,,,,,,,6万/最高20万,4/最高10
ecs.r8i.3xlarge,12.0,96.0,,内存型,r8i,,10/最高15,240万,0,aliyun,,,,,,,,,8万/最高20万,5/最高10
ecs.r8i.4xlarge,16.0,128.0,,内存型,r8i,,12/最高25,300万,0,aliyun,,,,,,,,,10万/最高20万,6/最高10
ecs.r8i.6xlarge,24.0,192.0,,内存型,r8i,,15/最高25,450万,0,aliyun,,,,,,,,,12万/最高20万,7.5/最高10
ecs.r8i.8xlarge,32.0,256.0,,内存型,r8i,,20/最高25,600万,0,aliyun,,,,,,,,,20万/无,10/无
ecs.r8i.12xlarge,48.0,384.0,,内存型,r8i,,25/无,900万,0,aliyun,,,,,,,,,30万/无,12/无
ecs.r8i.16xlarge,64.0,512.0,,内存型,r8i,,32/无,1200万,0,aliyun,,,,,,,,,36万/无,20/无
ecs.r8i.32xlarge,128.0,1024.0,,内存型,r8i,,64/无,2400万,0,aliyun,,,,,,,,,70万/无,40/无
ecs.re4e.40xlarge,160.0,3840.0,,内存型,re4e,,30,450万,0,aliyun,,,,,,,,,,
ecs.g7ne.large,2.0,8.0,,通用型,g7ne,,1.5/10,90万,0,aliyun,,,,,,,,,1万,0.75
ecs.g7ne.xlarge,4.0,16.0,,通用型,g7ne,,3/10,100万,0,aliyun,,,,,,,,,2万,1.0
ecs.g7ne.2xlarge,8.0,32.0,,通用型,g7ne,,6/15,160万,0,aliyun,,,,,,,,,2.5万,1.2
ecs.g7ne.4xlarge,16.0,64.0,,通用型,g7ne,,12/25,300万,0,aliyun,,,,,,,,,4万,2.0
ecs.g7ne.8xlarge,32.0,128.0,,通用型,g7ne,,25/无,600万,0,aliyun,,,,,,,,,7.5万,5.0
ecs.g7ne.12xlarge,48.0,192.0,,通用型,g7ne,,40/无,1200万,0,aliyun,,,,,,,,,10万,8.0
ecs.g7ne.24xlarge,96.0,384.0,,通用型,g7ne,,80/无,2400万,0,aliyun,,,,,,,,,24万,16.0
ecs.d2s.5xlarge,20.0,88.0,,大数据型,d2s,,12.0,160,0,aliyun,,,,,,,,,,
ecs.d2s.10xlarge,40.0,176.0,,大数据型,d2s,,20.0,200,0,aliyun,,,,,,,,,,
ecs.d2s.20xlarge,80.0,352.0,,大数据型,d2s,,35.0,450,0,aliyun,,,,,,,,,,
ecs.c8a.large,2.0,4.0,,计算型,c8a,,1.5/最高12.5,90万,0,aliyun,,,,,,,,,2万/最高11万,1.5/最高10
ecs.c8a.xlarge,4.0,8.0,,计算型,c8a,,2.5/最高12.5,100万,0,aliyun,,,,,,,,,3万/最高11万,2/最高10
ecs.c8a.2xlarge,8.0,16.0,,计算型,c8a,,4/最高12.5,160万,0,aliyun,,,,,,,,,4.5万/最高11万,2.5/最高10
ecs.c8a.4xlarge,16.0,32.0,,计算型,c8a,,7/最高12.5,200万,0,aliyun,,,,,,,,,6万/最高11万,3.5/最高10
ecs.c8a.8xlarge,32.0,64.0,,计算型,c8a,,10/最高25,300万,0,aliyun,,,,,,,,,8万/最高11万,5/最高10
ecs.c8a.12xlarge,48.0,96.0,,计算型,c8a,,16/25,450万,0,aliyun,,,,,,,,,12万/无,8/最高10
ecs.c8a.16xlarge,64.0,128.0,,计算型,c8a,,20/25,600万,0,aliyun,,,,,,,,,16万/无,10/无
ecs.c8a.24xlarge,96.0,192.0,,计算型,c8a,,32/无,900万,0,aliyun,,,,,,,,,24万/无,16/无
ecs.c8a.32xlarge,128.0,256.0,,计算型,c8a,,40/无,1200万,0,aliyun,,,,,,,,,32万/无,20/无
ecs.c8a.48xlarge,192.0,384.0,,计算型,c8a,,64/无,1800万,0,aliyun,,,,,,,,,50万/无,32/无
ecs.ebmg5s.24xlarge,96.0,384.0,,,ebmg5s,,32,450万,0,aliyun,,,,,,,,,20万,16
ecs.r6a.large,2.0,16.0,,内存型,r6a,,1/10,90万,0,aliyun,,,,,,,,,1.25万,1.0
ecs.r6a.xlarge,4.0,32.0,,内存型,r6a,,1.5/10,100万,0,aliyun,,,,,,,,,2万,1.5
ecs.r6a.2xlarge,8.0,64.0,,内存型,r6a,,2.5/10,160万,0,aliyun,,,,,,,,,3万,2.0
ecs.r6a.4xlarge,16.0,128.0,,内存型,r6a,,5/10,200万,0,aliyun,,,,,,,,,6万,3.1
ecs.r6a.8xlarge,32.0,256.0,,内存型,r6a,,8/10,300万,0,aliyun,,,,,,,,,7.5万,4.1
ecs.r6a.16xlarge,64.0,512.0,,内存型,r6a,,16/无,600万,0,aliyun,,,,,,,,,15万,8.2
ecs.gn7e-c16g1.4xlarge,16.0,125.0,,通用型,gn7e-c16g1,,8,300万,0,aliyun,,,,,,,,,,
ecs.gn7e-c16g1.8xlarge,32.0,250.0,,通用型,gn7e-c16g1,,16,600万,0,aliyun,,,,,,,,,,
ecs.gn7e-c16g1.16xlarge,64.0,500.0,,通用型,gn7e-c16g1,,32,1200万,0,aliyun,,,,,,,,,,
ecs.gn7e-c16g1.32xlarge,128.0,1000.0,,通用型,gn7e-c16g1,,64,2400万,0,aliyun,,,,,,,,,,
ecs.ebmhfc7.48xlarge,192.0,384.0,,,ebmhfc7,,64,2400万,0,aliyun,,,,,,,,,60万,32
ecs.r8y.small,1.0,8.0,,内存型,r8y,,1/10,50万,0,aliyun,,,,,,,,,1万/最高11万,1/最高10
ecs.r8y.large,2.0,16.0,,内存型,r8y,,2/10,90万,0,aliyun,,,,,,,,,2万/最高11万,1.5/最高10
ecs.r8y.xlarge,4.0,32.0,,内存型,r8y,,3/10,100万,0,aliyun,,,,,,,,,4万/最高11万,2/最高10
ecs.r8y.2xlarge,8.0,64.0,,内存型,r8y,,5/10,160万,0,aliyun,,,,,,,,,5万/最高11万,3/最高10
ecs.r8y.4xlarge,16.0,128.0,,内存型,r8y,,10/25,300万,0,aliyun,,,,,,,,,8万/最高11万,5/最高10
ecs.r8y.8xlarge,32.0,256.0,,内存型,r8y,,16/25,500万,0,aliyun,,,,,,,,,12.5万,10
ecs.r8y.16xlarge,64.0,512.0,,内存型,r8y,,32/无,1000万,0,aliyun,,,,,,,,,25万,16
ecs.r8y.32xlarge,128.0,1024.0,,内存型,r8y,,64/无,2000万,0,aliyun,,,,,,,,,50万,32
ecs.r6e.large,2.0,16.0,,内存型,r6e,,1.2/最高10,90万,0,aliyun,,,,,,,,,2万,1.0
ecs.r6e.xlarge,4.0,32.0,,内存型,r6e,,2/最高10,100万,0,aliyun,,,,,,,,,4万,1.5
ecs.r6e.2xlarge,8.0,64.0,,内存型,r6e,,3/最高10,160万,0,aliyun,,,,,,,,,5万,2.0
ecs.r6e.4xlarge,16.0,128.0,,内存型,r6e,,6/最高10,300万,0,aliyun,,,,,,,,,8万,3.0
ecs.r6e.8xlarge,32.0,256.0,,内存型,r6e,,10/无,600万,0,aliyun,,,,,,,,,15万,5.0
ecs.r6e.13xlarge,52.0,384.0,,内存型,r6e,,16/无,900万,0,aliyun,,,,,,,,,24万,8.0
ecs.r6e.26xlarge,104.0,768.0,,内存型,r6e,,32/无,2400万,0,aliyun,,,,,,,,,48万,16.0
ecs.r7a.large,2.0,16.0,,内存型,r7a,,1/最高10,90万,0,aliyun,,,,,,,,,1.25万/最高11万,1/最高6
ecs.r7a.xlarge,4.0,32.0,,内存型,r7a,,1.5/最高10,100万,0,aliyun,,,,,,,,,2万/最高11万,1.5/最高6
ecs.r7a.2xlarge,8.0,64.0,,内存型,r7a,,2.5/最高10,160万,0,aliyun,,,,,,,,,3万/最高11万,2/最高6
ecs.r7a.4xlarge,16.0,128.0,,内存型,r7a,,5/最高10,200万,0,aliyun,,,,,,,,,6万/最高11万,3/最高6
ecs.r7a.8xlarge,32.0,256.0,,内存型,r7a,,8/最高10,300万,0,aliyun,,,,,,,,,7.5万/最高11万,4/最高6
ecs.r7a-nps1.8xlarge,32.0,256.0,,内存型,r7a-nps1,,8/最高10,300万,0,aliyun,,,,,,,,,7.5万/最高11万,4/最高6
ecs.r7a.16xlarge,64.0,512.0,,内存型,r7a,,16/无,600万,0,aliyun,,,,,,,,,15万/无,8/无
ecs.r7a-nps1.16xlarge,64.0,512.0,,内存型,r7a-nps1,,16/无,600万,0,aliyun,,,,,,,,,15万/无,8/无
ecs.r7a.32xlarge,128.0,1024.0,,内存型,r7a,,32/无,1200万,0,aliyun,,,,,,,,,30万/无,16/无
ecs.g8a.large,2.0,8.0,,通用型,g8a,,1.5/12.5,90万,0,aliyun,,,,,,,,,2万/11万,1.5/10
ecs.g8a.xlarge,4.0,16.0,,通用型,g8a,,2.5/12.5,100万,0,aliyun,,,,,,,,,3万/11万,2/10
ecs.g8a.2xlarge,8.0,32.0,,通用型,g8a,,4/12.5,160万,0,aliyun,,,,,,,,,4.5万/11万,2.5/10
ecs.g8a.4xlarge,16.0,64.0,,通用型,g8a,,7/12.5,200万,0,aliyun,,,,,,,,,6万/11万,3.5/10
ecs.g8a.8xlarge,32.0,128.0,,通用型,g8a,,10/25,300万,0,aliyun,,,,,,,,,8万/11万,5/10
ecs.g8a.12xlarge,48.0,192.0,,通用型,g8a,,16/25,450万,0,aliyun,,,,,,,,,12万/无,8/10
ecs.g8a.16xlarge,64.0,256.0,,通用型,g8a,,20/25,600万,0,aliyun,,,,,,,,,16万/无,10/无
ecs.g8a.24xlarge,96.0,384.0,,通用型,g8a,,32/无,900万,0,aliyun,,,,,,,,,24万/无,16/无
ecs.g8a.32xlarge,128.0,512.0,,通用型,g8a,,40/无,1200万,0,aliyun,,,,,,,,,32万/无,20/无
ecs.g8a.48xlarge,192.0,768.0,,通用型,g8a,,64/无,1800万,0,aliyun,,,,,,,,,50万/无,32/无
ecs.ebmg6.26xlarge,104.0,384.0,,,ebmg6,,32,600万,0,aliyun,,,,,,,,,20万,16
ecs.ebmc5s.24xlarge,96.0,192.0,,,ebmc5s,,32,450万,0,aliyun,,,,,,,,,20万,16
ecs.xn4.small,1.0,1.0,,,xn4,,0.5,5,0,aliyun,,,,,,,,,,
ecs.g7.large,2.0,8.0,,通用型,g7,,2/最高12.5,110万,0,aliyun,,,,,,,,,2万/最高16万,1.5/最高10
ecs.g7.xlarge,4.0,16.0,,通用型,g7,,3/最高12.5,110万,0,aliyun,,,,,,,,,4万/最高16万,2/最高10
ecs.g7.2xlarge,8.0,32.0,,通用型,g7,,5/最高15,160万,0,aliyun,,,,,,,,,5万/最高16万,3/最高10
ecs.g7.3xlarge,12.0,48.0,,通用型,g7,,8/最高15,240万,0,aliyun,,,,,,,,,7万/最高16万,4/最高10
ecs.g7.4xlarge,16.0,64.0,,通用型,g7,,10/最高25,300万,0,aliyun,,,,,,,,,8万/最高16万,5/最高10
ecs.g7.6xlarge,24.0,96.0,,通用型,g7,,12/最高25,450万,0,aliyun,,,,,,,,,11万/最高16万,6/10
ecs.g7.8xlarge,32.0,128.0,,通用型,g7,,16/最高32,600万,0,aliyun,,,,,,,,,16万/无,10/无
ecs.g7.16xlarge,64.0,256.0,,通用型,g7,,32/无,1200万,0,aliyun,,,,,,,,,36万/无,16/无
ecs.g7.32xlarge,128.0,512.0,,通用型,g7,,64/无,2400万,0,aliyun,,,,,,,,,60万/无,32/无
ecs.r6.large,2.0,16.0,,内存型,r6,,1/最高3,30万,0,aliyun,,,,,,,,,1万,1.0
ecs.r6.xlarge,4.0,32.0,,内存型,r6,,1.5/最高5,50万,0,aliyun,,,,,,,,,2万,1.5
ecs.r6.2xlarge,8.0,64.0,,内存型,r6,,2.5/最高8,80万,0,aliyun,,,,,,,,,2.5万,2.0
ecs.r6.3xlarge,12.0,96.0,,内存型,r6,,4/最高10,90万,0,aliyun,,,,,,,,,3万,2.5
ecs.r6.4xlarge,16.0,128.0,,内存型,r6,,5/最高10,100万,0,aliyun,,,,,,,,,4万,3.0
ecs.r6.6xlarge,24.0,192.0,,内存型,r6,,7.5/最高10,150万,0,aliyun,,,,,,,,,5万,4.0
ecs.r6.8xlarge,32.0,256.0,,内存型,r6,,10/无,200万,0,aliyun,,,,,,,,,6万,5.0
ecs.r6.13xlarge,52.0,384.0,,内存型,r6,,12.5/无,300万,0,aliyun,,,,,,,,,10万,8.0
ecs.r6.26xlarge,104.0,768.0,,内存型,r6,,25/无,600万,0,aliyun,,,,,,,,,20万,16.0
ecs.d3s.2xlarge,8.0,32.0,,大数据型,d3s,,10/最高15,200,0,aliyun,,,,,,,,,,3/最高5
ecs.d3s.4xlarge,16.0,64.0,,大数据型,d3s,,25/无,300,0,aliyun,,,,,,,,,,5/无
ecs.d3s.8xlarge,32.0,128.0,,大数据型,d3s,,40/无,600,0,aliyun,,,,,,,,,,8/无
ecs.d3s.12xlarge,48.0,192.0,,大数据型,d3s,,60/无,900,0,aliyun,,,,,,,,,,12/无
ecs.d3s.16xlarge,64.0,256.0,,大数据型,d3s,,80/无,1200,0,aliyun,,,,,,,,,,16/无
ecs.ebmr7.32xlarge,128.0,1024.0,,,ebmr7,,64,2400万,0,aliyun,,,,,,,,,60万,32
ecs.ebmr6.26xlarge,104.0,768.0,,,ebmr6,,32,600万,0,aliyun,,,,,,,,,20万,16
ecs.r7.large,2.0,16.0,,内存型,r7,,2/最高12.5,110万,0,aliyun,,,,,,,,,2万/最高16万,1.5/最高10
ecs.r7.xlarge,4.0,32.0,,内存型,r7,,3/最高12.5,110万,0,aliyun,,,,,,,,,4万/最高16万,2/最高10
ecs.r7.2xlarge,8.0,64.0,,内存型,r7,,5/最高15,160万,0,aliyun,,,,,,,,,5万/最高16万,3/最高10
ecs.r7.3xlarge,12.0,96.0,,内存型,r7,,8/最高15,240万,0,aliyun,,,,,,,,,7万/最高16万,4/最高10
ecs.r7.4xlarge,16.0,128.0,,内存型,r7,,10/最高25,300万,0,aliyun,,,,,,,,,8万/最高16万,5/最高10
ecs.r7.6xlarge,24.0,192.0,,内存型,r7,,12/最高25,450万,0,aliyun,,,,,,,,,11万/16万,6/10
ecs.r7.8xlarge,32.0,256.0,,内存型,r7,,16/最高32,600万,0,aliyun,,,,,,,,,16万/无,10/无
ecs.r7.16xlarge,64.0,512.0,,内存型,r7,,32/无,1200万,0,aliyun,,,,,,,,,36万/无,20/无
ecs.r7.32xlarge,128.0,1024.0,,内存型,r7,,64/无,2400万,0,aliyun,,,,,,,,,60万/无,32/无
ecs.g6.large,2.0,8.0,,通用型,g6,,1/最高3,30万,0,aliyun,,,,,,,,,1万,1.0
ecs.g6.xlarge,4.0,16.0,,通用型,g6,,1.5/最高5,50万,0,aliyun,,,,,,,,,2万,1.5
ecs.g6.2xlarge,8.0,32.0,,通用型,g6,,2.5/最高8,80万,0,aliyun,,,,,,,,,2.5万,2.0
ecs.g6.3xlarge,12.0,48.0,,通用型,g6,,4/最高10,90万,0,aliyun,,,,,,,,,3万,2.5
ecs.g6.4xlarge,16.0,64.0,,通用型,g6,,5/最高10,100万,0,aliyun,,,,,,,,,4万,3.0
ecs.g6.6xlarge,24.0,96.0,,通用型,g6,,7.5/最高10,150万,0,aliyun,,,,,,,,,5万,4.0
ecs.g6.8xlarge,32.0,128.0,,通用型,g6,,10/无,200万,0,aliyun,,,,,,,,,6万,5.0
ecs.g6.13xlarge,52.0,192.0,,通用型,g6,,12.5/无,300万,0,aliyun,,,,,,,,,10万,8.0
ecs.g6.26xlarge,104.0,384.0,,通用型,g6,,25/无,600万,0,aliyun,,,,,,,,,20万,16.0
ecs.ebmg7.32xlarge,128.0,512.0,,,ebmg7,,64,2400万,0,aliyun,,,,,,,,,60万,32
ecs.c8ae.large,2.0,4.0,,计算型,c8ae,,3/最高15,100万,0,aliyun,,,,,,,,,3万/最高20万,2/最高10
ecs.c8ae.xlarge,4.0,8.0,,计算型,c8ae,,4/最高15,120万,0,aliyun,,,,,,,,,5万/最高20万,2.5/最高10
ecs.c8ae.2xlarge,8.0,16.0,,计算型,c8ae,,6/最高15,160万,0,aliyun,,,,,,,,,6万/最高20万,3/最高10
ecs.c8ae.4xlarge,16.0,32.0,,计算型,c8ae,,12/最高25,300万,0,aliyun,,,,,,,,,10万/最高20万,6/最高10
ecs.c8ae.8xlarge,32.0,64.0,,计算型,c8ae,,20/最高25,600万,0,aliyun,,,,,,,,,20万/无,10/无
ecs.c8ae.16xlarge,64.0,128.0,,计算型,c8ae,,32/无,900万,0,aliyun,,,,,,,,,25万/无,16/无
ecs.c8ae.32xlarge,128.0,256.0,,计算型,c8ae,,64/无,1800万,0,aliyun,,,,,,,,,50万/无,32/无
ecs.ebmhfc6.20xlarge,80.0,192.0,,,ebmhfc6,,32,600万,0,aliyun,,,,,,,,,20万,16
ecs.ebmgn7.26xlarge,104.0,768.0,,,ebmgn7,,30,1800万,0,aliyun,,,,,,,,,,
ecs.ebmre6-6t.52xlarge,208.0,6144.0,,,ebmre6-6t,,32,600万,0,aliyun,,,,,,,,,20万,16
ecs.gn5-c4g1.xlarge,4.0,30.0,,通用型,gn5-c4g1,,3,30万,0,aliyun,,,,,,,,,,
ecs.gn5-c8g1.2xlarge,8.0,60.0,,通用型,gn5-c8g1,,3,40万,0,aliyun,,,,,,,,,,
ecs.gn5-c4g1.2xlarge,8.0,60.0,,通用型,gn5-c4g1,,5,100万,0,aliyun,,,,,,,,,,
ecs.gn5-c8g1.4xlarge,16.0,120.0,,通用型,gn5-c8g1,,5,100万,0,aliyun,,,,,,,,,,
ecs.gn5-c28g1.7xlarge,28.0,112.0,,通用型,gn5-c28g1,,5,100万,0,aliyun,,,,,,,,,,
ecs.gn5-c8g1.8xlarge,32.0,240.0,,通用型,gn5-c8g1,,10,200万,0,aliyun,,,,,,,,,,
ecs.gn5-c28g1.14xlarge,56.0,224.0,,通用型,gn5-c28g1,,10,200万,0,aliyun,,,,,,,,,,
ecs.gn5-c8g1.14xlarge,54.0,480.0,,通用型,gn5-c8g1,,25,400万,0,aliyun,,,,,,,,,,
ecs.r9i.large,2.0,16.0,,内存型,r9i,,2.5/最高15,100万,0,aliyun,,,,,,,,,2.5万/最高20万,2/最高10
ecs.r9i.xlarge,4.0,32.0,,内存型,r9i,,4/最高15,120万,0,aliyun,,,,,,,,,5万/最高20万,2.5/最高10
ecs.r9i.2xlarge,8.0,64.0,,内存型,r9i,,6/最高15,160万,0,aliyun,,,,,,,,,6万/最高20万,4/最高10
ecs.r9i.3xlarge,12.0,96.0,,内存型,r9i,,10/最高15,240万,0,aliyun,,,,,,,,,8万/最高20万,5/最高10
ecs.r9i.4xlarge,16.0,128.0,,内存型,r9i,,12/最高25,300万,0,aliyun,,,,,,,,,10万/最高20万,6/最高10
ecs.r9i.6xlarge,24.0,192.0,,内存型,r9i,,15/最高25,450万,0,aliyun,,,,,,,,,12万/最高20万,7.5/最高10
ecs.r9i.8xlarge,32.0,256.0,,内存型,r9i,,20/最高32,600万,0,aliyun,,,,,,,,,20万/最高30万,10/最高12
ecs.r9i.12xlarge,48.0,384.0,,内存型,r9i,,25/最高32,900万,0,aliyun,,,,,,,,,24万/最高32万,12/最高15
ecs.r9i.16xlarge,64.0,512.0,,内存型,r9i,,28/最高36,1200万,0,aliyun,,,,,,,,,30万/最高40万,16/最高24
ecs.r9i.24xlarge,96.0,768.0,,内存型,r9i,,32/最高48,1800万,0,aliyun,,,,,,,,,35万/最高60万,20/最高28
ecs.r9i.32xlarge,128.0,1024.0,,内存型,r9i,,36/最高50,2000万,0,aliyun,,,,,,,,,40万/最高65万,24/最高28
ecs.r9i.48xlarge,192.0,1536.0,,内存型,r9i,,64/无,2400万,0,aliyun,,,,,,,,,50万/最高80万,32/无
ecs.ebmg5.24xlarge,96.0,384.0,,,ebmg5,,10,400万,0,aliyun,,,,,,,,,,
ecs.c7nex.large,2.0,4.0,,计算型,c7nex,,3/最高20,,0,aliyun,,,,,,,,,1万/最高5万,1.5/最高8
ecs.c7nex.xlarge,4.0,8.0,,计算型,c7nex,,5/最高24,,0,aliyun,,,,,,,,,2万/最高5万,2/最高8
ecs.c7nex.2xlarge,8.0,16.0,,计算型,c7nex,,10/最高32,,0,aliyun,,,,,,,,,2.5万/最高5万,3/最高8
ecs.c7nex.4xlarge,16.0,32.0,,计算型,c7nex,,20/最高40,,0,aliyun,,,,,,,,,4万/最高5万,5/最高8
ecs.c7nex.8xlarge,32.0,64.0,,计算型,c7nex,,40/无,,0,aliyun,,,,,,,,,7.5万/无,8/无
ecs.c7nex.16xlarge,64.0,128.0,,计算型,c7nex,,80/无,,0,aliyun,,,,,,,,,15万/无,16/无
ecs.c7nex.32xlarge,128.0,256.0,,计算型,c7nex,,160/无,,0,aliyun,,,,,,,,,30万/无,32/无
ecs.r5.large,2.0,16.0,,内存型,r5,,1.0,30万,0,aliyun,,,,,,,,,,
ecs.r5.xlarge,4.0,32.0,,内存型,r5,,1.5,50万,0,aliyun,,,,,,,,,,
ecs.r5.2xlarge,8.0,64.0,,内存型,r5,,2.5,80万,0,aliyun,,,,,,,,,,
ecs.r5.3xlarge,12.0,96.0,,内存型,r5,,4.0,90万,0,aliyun,,,,,,,,,,
ecs.r5.4xlarge,16.0,128.0,,内存型,r5,,5.0,100万,0,aliyun,,,,,,,,,,
ecs.r5.6xlarge,24.0,192.0,,内存型,r5,,7.5,150万,0,aliyun,,,,,,,,,,
ecs.r5.8xlarge,32.0,256.0,,内存型,r5,,10.0,200万,0,aliyun,,,,,,,,,,
ecs.r5.16xlarge,64.0,512.0,,内存型,r5,,20.0,400万,0,aliyun,,,,,,,,,,
ecs.d2c.6xlarge,24.0,88.0,,大数据型,d2c,,12.0,160,0,aliyun,,,,,,,,,,
ecs.d2c.12xlarge,48.0,176.0,,大数据型,d2c,,20.0,200,0,aliyun,,,,,,,,,,
ecs.d2c.24xlarge,96.0,352.0,,大数据型,d2c,,35.0,450,0,aliyun,,,,,,,,,,
ecs.g5.large,2.0,8.0,,通用型,g5,,1.0,30万,0,aliyun,,,,,,,,,,
ecs.g5.xlarge,4.0,16.0,,通用型,g5,,1.5,50万,0,aliyun,,,,,,,,,,
ecs.g5.2xlarge,8.0,32.0,,通用型,g5,,2.5,80万,0,aliyun,,,,,,,,,,
ecs.g5.3xlarge,12.0,48.0,,通用型,g5,,4.0,90万,0,aliyun,,,,,,,,,,
ecs.g5.4xlarge,16.0,64.0,,通用型,g5,,5.0,100万,0,aliyun,,,,,,,,,,
ecs.g5.6xlarge,24.0,96.0,,通用型,g5,,7.5,150万,0,aliyun,,,,,,,,,,
ecs.g5.8xlarge,32.0,128.0,,通用型,g5,,10.0,200万,0,aliyun,,,,,,,,,,
ecs.g5.16xlarge,64.0,256.0,,通用型,g5,,20.0,400万,0,aliyun,,,,,,,,,,
ecs.ebmr6a.64xlarge,256.0,2048.0,,,ebmr6a,,64,2400万,0,aliyun,,,,,,,,,60万,32
ecs.r7t.large,2.0,16.0,,内存型,r7t,,2/最高10,90万,0,aliyun,,,,,,,,,2万/最高11万,1.5/最高6
ecs.r7t.xlarge,4.0,32.0,,内存型,r7t,,3/最高10,100万,0,aliyun,,,,,,,,,4万/最高11万,2/最高6
ecs.r7t.2xlarge,8.0,64.0,,内存型,r7t,,5/最高10,160万,0,aliyun,,,,,,,,,5万/最高11万,3/最高6
ecs.r7t.3xlarge,12.0,96.0,,内存型,r7t,,8/最高10,240万,0,aliyun,,,,,,,,,7万/最高11万,4/最高6
ecs.r7t.4xlarge,16.0,128.0,,内存型,r7t,,10/最高25,300万,0,aliyun,,,,,,,,,8万/最高11万,5/最高6
ecs.r7t.6xlarge,24.0,192.0,,内存型,r7t,,12/最高25,450万,0,aliyun,,,,,,,,,11万/无,6/无
ecs.r7t.8xlarge,32.0,256.0,,内存型,r7t,,16/最高25,600万,0,aliyun,,,,,,,,,15万/无,8/无
ecs.r7t.16xlarge,64.0,512.0,,内存型,r7t,,32/无,1200万,0,aliyun,,,,,,,,,30万/无,16/无
ecs.r7t.32xlarge,128.0,1024.0,,内存型,r7t,,64/无,2400万,0,aliyun,,,,,,,,,60万/无,32/无
ecs.g8ae.large,2.0,8.0,,通用型,g8ae,,3/最高15,100万,0,aliyun,,,,,,,,,3万/最高20万,2/最高10
ecs.g8ae.xlarge,4.0,16.0,,通用型,g8ae,,4/最高15,120万,0,aliyun,,,,,,,,,5万/最高20万,2.5/最高10
ecs.g8ae.2xlarge,8.0,32.0,,通用型,g8ae,,6/最高15,160万,0,aliyun,,,,,,,,,6万/最高20万,3/最高10
ecs.g8ae.4xlarge,16.0,64.0,,通用型,g8ae,,12/最高25,300万,0,aliyun,,,,,,,,,10万/最高20万,6/最高10
ecs.g8ae.8xlarge,32.0,128.0,,通用型,g8ae,,20/最高25,600万,0,aliyun,,,,,,,,,20万/无,10/无
ecs.g8ae.16xlarge,64.0,256.0,,通用型,g8ae,,32/无,900万,0,aliyun,,,,,,,,,25万/无,16/无
ecs.g8ae.32xlarge,128.0,512.0,,通用型,g8ae,,64/无,1800万,0,aliyun,,,,,,,,,50万/无,32/无
ecs.hfc6.large,2.0,4.0,,高主频型,hfc6,,1/3,30万,0,aliyun,,,,,,,,,1万,1.0
ecs.hfc6.xlarge,4.0,8.0,,高主频型,hfc6,,1.5/5,50万,0,aliyun,,,,,,,,,2万,1.5
ecs.hfc6.2xlarge,8.0,16.0,,高主频型,hfc6,,2.5/8,80万,0,aliyun,,,,,,,,,2.5万,2.0
ecs.hfc6.3xlarge,12.0,24.0,,高主频型,hfc6,,4/10,90万,0,aliyun,,,,,,,,,3万,2.5
ecs.hfc6.4xlarge,16.0,32.0,,高主频型,hfc6,,5/10,100万,0,aliyun,,,,,,,,,4万,3.0
ecs.hfc6.6xlarge,24.0,48.0,,高主频型,hfc6,,7.5/10,150万,0,aliyun,,,,,,,,,5万,4.0
ecs.hfc6.8xlarge,32.0,64.0,,高主频型,hfc6,,10/无,200万,0,aliyun,,,,,,,,,6万,5.0
ecs.hfc6.10xlarge,40.0,96.0,,高主频型,hfc6,,12.5/无,300万,0,aliyun,,,,,,,,,10万,8.0
ecs.hfc6.16xlarge,64.0,128.0,,高主频型,hfc6,,20/无,400万,0,aliyun,,,,,,,,,12万,10.0
ecs.hfc6.20xlarge,80.0,192.0,,高主频型,hfc6,,25/无,600万,0,aliyun,,,,,,,,,20万,16.0
ecs.gn7-c12g1.3xlarge,12.0,94.0,,通用型,gn7-c12g1,,4,250万,0,aliyun,,,,,,,,,,
ecs.gn7-c13g1.13xlarge,52.0,378.0,,通用型,gn7-c13g1,,16,900万,0,aliyun,,,,,,,,,,
ecs.gn7-c13g1.26xlarge,104.0,756.0,,通用型,gn7-c13g1,,30,1800万,0,aliyun,,,,,,,,,,
ecs.i2ne.xlarge,4.0,32.0,,本地SSD型,i2ne,,1.5,50万,0,aliyun,,,,,,,,,,最高16
ecs.i2ne.2xlarge,8.0,64.0,,本地SSD型,i2ne,,2.5,100万,0,aliyun,,,,,,,,,,最高16
ecs.i2ne.4xlarge,16.0,128.0,,本地SSD型,i2ne,,5.0,150万,0,aliyun,,,,,,,,,,最高16
ecs.i2ne.8xlarge,32.0,256.0,,本地SSD型,i2ne,,10.0,200万,0,aliyun,,,,,,,,,,最高16
ecs.i2ne.16xlarge,64.0,512.0,,本地SSD型,i2ne,,20.0,400万,0,aliyun,,,,,,,,,,最高16
ecs.i2ne.20xlarge,80.0,704.0,,本地SSD型,i2ne,,25.0,450万,0,aliyun,,,,,,,,,,最高16
ecs.hfc7.large,2.0,4.0,,高主频型,hfc7,,1.2/10,90万,0,aliyun,,,,,,,,,2万,1.0
ecs.hfc7.xlarge,4.0,8.0,,高主频型,hfc7,,2/10,100万,0,aliyun,,,,,,,,,3万,1.5
ecs.hfc7.2xlarge,8.0,16.0,,高主频型,hfc7,,3/10,160万,0,aliyun,,,,,,,,,4.5万,2.0
ecs.hfc7.3xlarge,12.0,24.0,,高主频型,hfc7,,4.5/10,200万,0,aliyun,,,,,,,,,6万,2.5
ecs.hfc7.4xlarge,16.0,32.0,,高主频型,hfc7,,6/10,250万,0,aliyun,,,,,,,,,7.5万,3.0
ecs.hfc7.6xlarge,24.0,48.0,,高主频型,hfc7,,8/10,300万,0,aliyun,,,,,,,,,9万,4.0
ecs.hfc7.8xlarge,32.0,64.0,,高主频型,hfc7,,10/无,400万,0,aliyun,,,,,,,,,10.5万,5.0
ecs.hfc7.12xlarge,48.0,96.0,,高主频型,hfc7,,16/无,600万,0,aliyun,,,,,,,,,15万,8.0
ecs.hfc7.24xlarge,96.0,192.0,,高主频型,hfc7,,32/无,1200万,0,aliyun,,,,,,,,,30万,16.0
ecs.ebmgn8v.48xlarge,192.0,1024.0,,,ebmgn8v,,160（80 * 2）,3000万,0,aliyun,,,,,,,,,,6
ecs.ebmgn8is.32xlarge,128.0,1024.0,,,ebmgn8is,,160（80 * 2）,3000万,0,aliyun,,,,,,,,,,6
ecs.hfc5.large,2.0,4.0,,高主频型,hfc5,,1.0,30万,0,aliyun,,,,,,,,,,
ecs.hfc5.xlarge,4.0,8.0,,高主频型,hfc5,,1.5,50万,0,aliyun,,,,,,,,,,
ecs.hfc5.2xlarge,8.0,16.0,,高主频型,hfc5,,2.0,100万,0,aliyun,,,,,,,,,,
ecs.hfc5.3xlarge,12.0,24.0,,高主频型,hfc5,,2.5,130万,0,aliyun,,,,,,,,,,
ecs.hfc5.4xlarge,16.0,32.0,,高主频型,hfc5,,3.0,160万,0,aliyun,,,,,,,,,,
ecs.hfc5.6xlarge,24.0,48.0,,高主频型,hfc5,,4.5,200万,0,aliyun,,,,,,,,,,
ecs.hfc5.8xlarge,32.0,64.0,,高主频型,hfc5,,6.0,250万,0,aliyun,,,,,,,,,,
ecs.gn5i-c2g1.large,2.0,8.0,,通用型,gn5i-c2g1,,1.0,10万,0,aliyun,,,,,,,,,,
ecs.gn5i-c4g1.xlarge,4.0,16.0,,通用型,gn5i-c4g1,,1.5,20万,0,aliyun,,,,,,,,,,
ecs.gn5i-c8g1.2xlarge,8.0,32.0,,通用型,gn5i-c8g1,,2.0,40万,0,aliyun,,,,,,,,,,
ecs.gn5i-c16g1.4xlarge,16.0,64.0,,通用型,gn5i-c16g1,,3.0,80万,0,aliyun,,,,,,,,,,
ecs.gn5i-c16g1.8xlarge,32.0,128.0,,通用型,gn5i-c16g1,,6.0,120万,0,aliyun,,,,,,,,,,
ecs.gn5i-c28g1.14xlarge,56.0,224.0,,通用型,gn5i-c28g1,,10.0,200万,0,aliyun,,,,,,,,,,
ecs.ebmgn6i.24xlarge,96.0,384.0,,,ebmgn6i,,30,450万,0,aliyun,,,,,,,,,,
ecs.ebmgn7i.32xlarge,128.0,768.0,,,ebmgn7i,,64,2400万,0,aliyun,,,,,,,,,,
ecs.gn8is.2xlarge,8.0,64.0,,通用型,gn8is,,8,,0,aliyun,,,,,,,,,6万,0.75
ecs.gn8is.4xlarge,16.0,128.0,,通用型,gn8is,,16,,0,aliyun,,,,,,,,,12万,1.25
ecs.gn8is-2x.8xlarge,32.0,256.0,,通用型,gn8is-2x,,32,,0,aliyun,,,,,,,,,25万,2.0
ecs.gn8is-4x.16xlarge,64.0,512.0,,通用型,gn8is-4x,,64,,0,aliyun,,,,,,,,,45万,4.0
ecs.gn8is-8x.32xlarge,128.0,1024.0,,通用型,gn8is-8x,,100,,0,aliyun,,,,,,,,,90万,8.0
ecs.se1ne.large,2.0,16.0,,,se1ne,,1.0,30万,0,aliyun,,,,,,,,,,
ecs.se1ne.xlarge,4.0,32.0,,,se1ne,,1.5,50万,0,aliyun,,,,,,,,,,
ecs.se1ne.2xlarge,8.0,64.0,,,se1ne,,2.0,100万,0,aliyun,,,,,,,,,,
ecs.se1ne.3xlarge,12.0,96.0,,,se1ne,,2.5,130万,0,aliyun,,,,,,,,,,
ecs.se1ne.4xlarge,16.0,128.0,,,se1ne,,3.0,160万,0,aliyun,,,,,,,,,,
ecs.se1ne.6xlarge,24.0,192.0,,,se1ne,,4.5,200万,0,aliyun,,,,,,,,,,
ecs.se1ne.8xlarge,32.0,256.0,,,se1ne,,6.0,250万,0,aliyun,,,,,,,,,,
ecs.se1ne.14xlarge,56.0,480.0,,,se1ne,,10.0,450万,0,aliyun,,,,,,,,,,
ecs.gn6v-c8g1.2xlarge,8.0,32.0,,通用型,gn6v-c8g1,,2.5,80万,0,aliyun,,,,,,,,,无,
ecs.gn6v-c8g1.4xlarge,16.0,64.0,,通用型,gn6v-c8g1,,5.0,100万,0,aliyun,,,,,,,,,无,
ecs.gn6v-c8g1.8xlarge,32.0,128.0,,通用型,gn6v-c8g1,,10.0,200万,0,aliyun,,,,,,,,,无,
ecs.gn6v-c8g1.16xlarge,64.0,256.0,,通用型,gn6v-c8g1,,20.0,250万,0,aliyun,,,,,,,,,无,
ecs.gn6v-c10g1.20xlarge,82.0,336.0,,通用型,gn6v-c10g1,,32.0,450万,0,aliyun,,,,,,,,,25万,
ecs.e-c4m1.large,2.0,0.5,,,e-c4m1,,0.2/最高2,,0,aliyun,,,,,,,,,0.8万/无,0.4/无
ecs.e-c2m1.large,2.0,1.0,,,e-c2m1,,0.2/最高2,,0,aliyun,,,,,,,,,0.8万/无,0.4/无
ecs.e-c1m1.large,2.0,2.0,,,e-c1m1,,0.2/最高2,,0,aliyun,,,,,,,,,0.8万/无,0.4/无
ecs.e-c1m2.large,2.0,4.0,,,e-c1m2,,0.2/最高2,,0,aliyun,,,,,,,,,0.8万/无,0.4/无
ecs.e-c1m4.large,2.0,8.0,,,e-c1m4,,0.4/最高2,,0,aliyun,,,,,,,,,1.6万/无,0.8/无
ecs.e-c1m2.xlarge,4.0,8.0,,,e-c1m2,,0.4/最高3,,0,aliyun,,,,,,,,,1.6万/无,0.8/无
ecs.e-c1m4.xlarge,4.0,16.0,,,e-c1m4,,0.8/最高4,,0,aliyun,,,,,,,,,1.6万/无,0.8/无
ecs.e-c1m2.2xlarge,8.0,16.0,,,e-c1m2,,0.8/最高6,,0,aliyun,,,,,,,,,1.6万/无,0.8/无
ecs.e-c1m4.2xlarge,8.0,32.0,,,e-c1m4,,1.2/最高6,,0,aliyun,,,,,,,,,1.6万/无,0.8/无
